,Player,Team,GP,GS,Min,PTS,PM_2,PA_2,P2proc,PM_3,PA_3,P3proc,FTM,FTA,FTAproc,OR,DR,TR,AST,STL,TO,BLK,BLKA,FC,FD,PIR
0,A. KURUCSARTURS KURUCS,TDS,70,4,6,1,0.1,0.4,14.3,0.2,0.8,28.1,0.2,0.3,63.6,0.2,0.2,0.4,0.7,0.1,0.4,0,0,1.2,0.3,-0.1
1,M. ABIMUSTAFA ABI,"ULK, EFS",78,30,12,1.7,0.4,0.8,43.9,0.2,0.6,35.6,0.3,0.6,54.3,0.1,0.9,1.1,0.4,0.3,0.6,0,0.1,2.1,0.7,0.3
2,P. BOZICPETAR BOZIC,PAR,122,25,11,2.7,0.2,0.6,36.8,0.7,1.9,35.1,0.3,0.4,72.2,0.3,0.7,1,0.8,0.5,0.8,0.1,0.1,2.7,0.7,0.6
3,D. FLACCADORIDIEGO FLACCADORI,"BAY, EA7",45,5,7,1.6,0.5,1.1,41.2,0.1,0.5,25,0.3,0.4,75,0.1,0.4,0.5,0.7,0.2,0.5,0,0.1,1,0.4,0.7
4,S. SCHULTZESVEN SCHULTZE,"MIL, BER",45,3,9,3.2,0.7,1.4,46.2,0.5,1.4,36.9,0.3,0.5,54.5,0.5,0.7,1.2,0.4,0.2,0.7,0,0.1,2.3,0.7,0.8
5,S. MILOSEVICSTRAHINJA MILOSEVIC,PAR,55,1,5,1.3,0.5,0.9,52.1,0,0.2,20,0.3,0.5,55.6,0.5,0.6,1,0.2,0.2,0.3,0.1,0.1,1.2,0.5,0.8
6,B. BATUKBIRKAN BATUK,"DDI, EFS",105,20,13,3.2,0.4,0.9,47.9,0.7,2,34.8,0.3,0.5,60,0.5,0.9,1.4,0.3,0.4,0.3,0,0.2,2.4,0.6,1.1
7,M. CARRARETTOMARCO CARRARETTO,MPS,111,11,10,2.9,0.5,1.1,47.5,0.5,1.3,40.7,0.3,0.3,77.8,0.2,0.6,0.8,0.4,0.3,0.3,0,0,1.2,0.4,1.8
8,D. BALBAYDOGUS BALBAY,EFS,222,42,9,1.6,0.5,1.1,47.7,0.1,0.5,30,0.1,0.2,54.5,0.4,0.7,1.1,0.9,0.5,0.4,0.1,0.1,1.4,0.5,1.8
9,M. DELOWMALTE DELOW,BER,85,21,11,2.7,0.7,1.4,50,0.4,1,36.4,0.2,0.3,73.9,0.5,1,1.5,0.6,0.5,0.6,0,0.2,1.8,0.4,1.8
10,J. MATTISSECKJONAS MATTISSECK,BER,102,20,13,2.7,0.3,0.6,43.8,0.6,1.8,34.6,0.2,0.3,85.2,0.4,0.7,1.1,0.7,0.4,0.5,0,0.1,1.7,0.8,1.9
11,N. BOUNTOURISNIKOLAOS BOUNTOURIS,OLY,44,14,12,2.4,0.3,0.6,51.9,0.4,1.2,31.5,0.6,0.9,71.1,0.3,0.5,0.8,1.1,0.7,0.5,0.1,0.1,2.1,0.9,1.9
12,M. STRAZELMATTHEW STRAZEL,"ASV, ASM",92,9,12,3.3,0.5,1.4,38.3,0.5,1.6,34,0.6,0.8,78.9,0.2,0.5,0.7,1.4,0.2,1.1,0,0.1,1.6,1.3,2
13,R. GABINIROBERTO GABINI,"BKN, ROM",55,25,14,4.3,0.7,1.6,45.6,0.9,2.5,34.6,0.3,0.4,71.4,0.5,1.7,2.2,0.3,0.8,1.1,0.2,0.2,2.6,0.7,2
14,T. SCHNEIDERTIM SCHNEIDER,BER,89,7,11,3,0.5,1.3,40.7,0.6,1.8,32.5,0.3,0.4,65.7,0.6,1.2,1.7,0.3,0.2,0.3,0.1,0.1,1.2,0.4,2
15,E. VORONOVEVGENY VORONOV,"CSK, LOK, UNK, ZEN, KHI",104,37,13,3.7,1,2,47.9,0.4,1.4,27.8,0.5,0.7,74,0.3,0.9,1.2,0.8,0.5,0.8,0.1,0.1,2.2,1.2,2.2
16,S. LAZAREVICSTEFAN LAZAREVIC,CZV,56,23,14,2.6,0.8,1.4,57,0.2,0.6,34.4,0.4,0.4,83.3,0.9,1.2,2.1,0.5,0.4,0.2,0,0.1,2.5,0.6,2.3
17,D. KHVOSTOVDMITRY KHVOSTOV,"DYN, KHI, NIZ, ZEN",90,20,13,2.6,0.5,1.2,43.6,0.3,1.3,26.5,0.5,0.7,74.2,0.2,0.6,0.7,1.9,0.3,1,0,0,1.8,1.4,2.3
18,D. AGRAVANISDIMITRIS AGRAVANIS,"OLY, PAO",83,12,11,3.3,0.8,1.8,47,0.3,1.6,20.9,0.6,0.9,67.6,0.8,1.6,2.4,0.3,0.3,0.4,0.3,0.2,2.1,0.9,2.3
19,S. ANTONOVSEMEN ANTONOV,"NIZ, CSK",178,58,11,3.1,0.6,1.4,47.5,0.5,1.3,37.7,0.3,0.4,69.3,0.6,1,1.6,0.5,0.3,0.4,0.3,0.1,1.7,0.5,2.4
20,A. TONOLLIALESSANDRO TONOLLI,ROM,65,24,14,2.5,0.3,0.7,39.1,0.5,1.4,36.4,0.5,0.6,77.5,0.7,1.4,2.1,0.5,0.8,0.6,0.4,0,2.8,1,2.4
21,B. LAZICBRANKO LAZIC,CZV,224,126,18,3.6,0.7,1.4,46.5,0.6,1.7,35.5,0.5,0.6,79.5,0.6,0.9,1.5,0.7,0.7,0.6,0.1,0.1,2.6,1.2,2.4
22,L. STAIGERLUCCA STAIGER,"BAY, BRO",97,11,10,3.9,0.2,0.4,38.5,1.2,2.8,41.5,0.1,0.2,73.3,0.2,0.7,0.9,0.4,0.2,0.3,0,0,1.1,0.3,2.4
23,A. YILMAZALPER YILMAZ,EFS,80,7,15,2.2,0.2,0.5,48.8,0.5,1.6,29,0.2,0.4,67.9,0.3,1.3,1.7,1.2,1,0.6,0.1,0.1,2,0.5,2.5
24,M. MAHMUTOGLUMELIH MAHMUTOGLU,FNB,220,44,11,4.4,0.6,1.2,49.2,1,2.5,40.1,0.3,0.3,89,0.1,0.6,0.7,0.4,0.2,0.3,0,0.1,1.2,0.4,2.5
25,G. KALAITZISGEORGIOS KALAITZIS,"ARI, PAO",111,35,15,3,0.6,1.3,43.8,0.4,1,37.2,0.7,1,73.8,0.4,1.3,1.7,1.2,0.8,0.9,0,0.1,2.7,1.1,2.6
26,B. KRASICBARISA KRASIC,CIB,66,16,15,5.1,0.8,2,42.3,0.9,2.3,37.9,0.8,1,83.3,0.6,1.4,2,0.2,0.4,0.7,0.3,0.2,2.7,1,2.6
27,E. VIALTSEVEGOR VIALTSEV,"CSK, KHI",113,32,11,3.7,0.5,1.1,50.4,0.7,1.6,43.2,0.5,0.6,82.1,0.2,0.7,1,0.9,0.3,0.6,0,0.1,1.8,1,2.7
28,G. RICCIGIAMPAOLO RICCI,EA7,66,10,11,2.9,0.6,1,62.1,0.5,1.4,34.8,0.2,0.3,60,0.7,1.5,2.2,0.4,0.4,0.3,0.1,0,1.8,0.4,2.8
29,J. COHENJAKE COHEN,MTA,128,25,9,2.9,0.8,1.5,51.6,0.3,0.9,38.7,0.4,0.5,75.8,0.5,1,1.5,0.7,0.3,0.5,0.1,0.1,1.4,0.8,2.8
30,A. PONKRASHOVANTON PONKRASHOV,"CSK, LOK, UNK, ZEN, KHI",116,20,12,3.2,0.8,2,42.1,0.3,1.3,25,0.5,0.8,60.8,0.3,1.1,1.4,1.4,0.4,0.9,0.1,0.1,1.2,1.1,2.8
31,S. VRANESSLAVKO VRANES,"BUD, PAR",78,33,14,2.7,1.1,2.3,46.4,0,0,0,0.5,1.1,45.9,1.1,2.4,3.5,0.2,0.1,1.1,1.2,0.2,2.2,0.9,3.2
32,K. ARCHIBONGKOKO ARCHIBONG,"PAU, BRO, PRO",43,26,20,4,1.3,3,43,0.3,1.3,25.9,0.5,0.8,58.3,0.8,2.4,3.2,0.7,0.7,1.1,0.3,0.2,2.8,1.4,3.2
33,C. AKYOLCENK AKYOL,"EFS, GSL",83,16,14,4.1,0.6,1.5,39.3,0.8,2.1,37.8,0.6,0.9,70.7,0.3,1.3,1.6,0.5,0.6,0.5,0.1,0.1,1.7,1.1,3.2
34,I. DIOPILIMANE DIOP,TDS,193,37,10,3.1,1,1.8,54.3,0.1,0.3,28.1,0.9,1.2,75.1,0.8,1.4,2.1,0.3,0.2,0.6,0.5,0.1,2.2,1.3,3.3
35,Y. GREENYANIV GREEN,MAC,98,13,8,3,1,2,51.8,0,0,0,1,1.5,63.8,0.6,1.3,1.8,0.3,0.4,0.5,0.3,0.2,1.6,1.3,3.3
36,M. TODOROVICMARKO TODOROVIC,"FCB, KHI",76,2,9,2.8,1.1,1.9,54.7,0,0.1,12.5,0.6,1,67.1,0.9,1.4,2.3,0.5,0.3,0.6,0.4,0.2,1.8,0.9,3.4
37,Z. PASHUTINZAKHAR PASHUTIN,"CSK, UNK",103,16,12,3.6,1,2,50.2,0.4,1.2,32.5,0.5,0.8,55.8,0.4,1.3,1.7,0.9,0.7,0.6,0.1,0.1,1.6,0.9,3.4
38,J. TAYLORJEFFERY TAYLOR,RMB,202,106,16,4.6,1,1.9,55.4,0.7,1.8,37.3,0.6,0.8,68.1,0.7,1.1,1.7,0.9,0.4,0.6,0.1,0.2,2,0.9,3.5
39,A. OBSTANDREAS OBST,"BRO, BAY",57,17,12,6.1,0.5,0.9,48.1,1.6,4.2,38.9,0.3,0.3,93.8,0.1,0.9,1,0.7,0.3,0.6,0,0.2,1.5,0.7,3.5
40,V. ZAITCEVVIACHESLAV ZAITCEV,"KHI, UNK",100,37,11,2.8,0.9,1.7,51.5,0.2,0.6,29,0.6,0.7,75.3,0.3,1.2,1.5,1.4,0.6,0.8,0.3,0.2,1.8,1.1,3.5
41,S. KARASEVSERGEY KARASEV,"KHI, ZEN",72,33,14,4.3,0.7,1.3,53.1,0.8,2.2,33.8,0.6,0.7,91.5,0.4,1.3,1.7,0.7,0.6,0.6,0.1,0,2.1,1,3.5
42,U. TRIPKOVICUROS TRIPKOVIC,"PAR, UNI, FBU",113,48,21,8.6,1.2,3.1,39.4,1.6,4.7,34.9,1.2,1.5,82.9,0.3,1.3,1.6,1.1,0.7,1.5,0,0.3,2.9,1.5,3.5
43,N. DANGUBICNEMANJA DANGUBIC,"CZV, BAY",114,66,16,5.1,1.1,2.3,46.8,0.7,1.9,38.5,0.8,1,76.1,0.5,1.8,2.3,0.7,0.5,1,0.1,0.3,2.4,1.2,3.5
44,X. RABASEDAXAVIER RABASEDA,"FCB, HGC",66,20,14,3.9,0.8,1.5,55.4,0.6,1.9,29.9,0.5,0.7,72.3,0.3,1.3,1.7,0.7,0.7,0.9,0.2,0.1,1.5,1,3.5
45,O. ONANOMER ONAN,"EFS, ULK",187,93,19,6.4,1.4,2.9,49,0.9,2.5,35.7,0.9,1.6,59.7,0.2,0.9,1.1,0.7,0.8,0.8,0,0.3,2.2,1.6,3.6
46,T. ACIKTUTKU ACIK,"ULK, GSL, BJK",97,11,13,3.8,0.7,1.2,55.5,0.5,1.7,31.7,0.9,1.2,73.9,0.1,0.7,0.8,1.5,0.7,0.9,0,0.1,1.7,1.4,3.6
47,G. LARENTZAKISGIANNOULIS LARENTZAKIS,OLY,97,3,12,5.1,0.6,1.2,47.4,1.1,3.2,34.3,0.8,1,76.3,0.2,1.4,1.6,1.1,0.5,1,0,0.1,2.1,1.4,3.6
48,M. PAPAMAKARIOSMANOLIS PAPAMAKARIOS,"PER, OLY",72,26,15,4.4,0.7,1.5,44.3,0.8,2.1,36.2,0.8,1.1,77.6,0.2,1.3,1.5,1.2,0.9,0.8,0,0.1,2.2,1.2,3.7
49,A. DUVERIOGLUAHMET DUVERIOGLU,"EFS, FNB",142,72,9,3.2,1.4,2,67.9,0,0,0,0.4,0.9,49.6,1,1.3,2.2,0.5,0.3,0.6,0.3,0.2,1.9,0.9,3.7
50,M. PELEKANOSMICHALIS PELEKANOS,"PER, AEK, RMD, MAR, OLY",105,33,16,4.5,1,1.9,49,0.6,1.8,33,0.7,1,73.1,0.5,1.7,2.2,0.6,1,0.8,0.3,0.1,2.4,1.2,3.8
51,A. STIMACANDREJ STIMAC,CIB,44,1,16,4.7,0.7,1.5,48.5,0.9,2.5,34.9,0.6,0.9,73.7,0.8,1.6,2.3,0.6,0.5,0.7,0.1,0.2,1.7,0.9,3.9
52,F. FAUTHOUXFREDERIC FAUTHOUX,"PAU, ASV",81,12,15,4.7,0.3,0.6,42,1,2.7,39.5,1,1.2,83.8,0.2,0.9,1,1.7,0.4,1.3,0,0.1,1.8,1.3,3.9
53,C. HARISSISCHRISTOS HARISSIS,"BKN, OLY, PRO",91,32,16,5.3,1,2.2,47.7,0.8,2.5,32,0.9,1.2,70.9,0.4,1.1,1.5,1.5,0.6,1,0.1,0.1,2.4,1.6,3.9
54,D. NICHOLSDEMETRIS NICHOLS,"CSK, PAO",82,23,13,4.1,0.9,1.7,51.8,0.7,1.6,42.6,0.4,0.5,80,0.4,1.5,2,0.4,0.5,0.6,0.4,0.1,1.6,0.7,3.9
55,V. MARINKOVICVANJA MARINKOVIC,"VBC, BKN",103,40,16,6.4,1,2,48.8,1.3,3.4,36.3,0.7,0.8,82.8,0.3,1,1.2,0.7,0.3,0.6,0,0.3,1.6,1,3.9
56,S. GULERSINAN GULER,"EFS, GSO, FNB",175,67,15,4.8,1.4,2.8,51,0.5,1.9,27.6,0.4,0.6,71.2,0.4,1.3,1.7,1.9,0.7,1.1,0.2,0.2,1.8,0.7,4
57,A. ZUBKOVANDREY ZUBKOV,"LOK, KHI, ZEN",164,26,13,4.3,1.1,2,53.4,0.5,1.5,35.2,0.5,0.8,64,0.6,1.5,2.1,0.8,0.3,0.7,0.1,0.2,1.7,1.2,4
58,D. DRAPERDONTAYE DRAPER,"EFS, LOK, RMD",133,22,16,4.2,0.7,1.7,43.3,0.7,2.1,33.3,0.6,0.8,81.2,0.3,1.2,1.5,1.8,0.9,0.9,0.1,0.2,1.9,1.1,4.1
59,D. DIEZDANIEL DIEZ,"RMD, UNI, BKN",96,16,12,3.4,0.7,1.2,59.8,0.6,1.4,39.8,0.3,0.4,70.3,0.6,1.5,2.1,0.5,0.3,0.4,0,0.1,0.9,0.5,4.1
60,V. SADAVICTOR SADA,FCB,166,27,14,2.5,0.8,1.5,49.8,0.2,0.8,21,0.4,0.7,68.5,0.5,1.6,2,1.9,0.5,0.9,0.1,0.1,1.3,1,4.1
61,A. CINCIARINIANDREA CINCIARINI,"PES, ROM, CTU, EA7",106,47,15,3.9,1.1,2.3,47.4,0.3,0.9,34,0.7,1.1,68.1,0.4,1.5,1.9,1.7,0.5,0.9,0,0.1,1.8,1.1,4.1
62,G. PNINIGUY PNINI,MTA,154,42,15,4.7,0.6,1.1,52.6,1,2.5,38.7,0.6,0.9,70.4,0.3,1.3,1.5,1.2,0.4,0.6,0,0.1,1.6,0.9,4.2
63,S. LANDESBERGSYLVEN LANDESBERG,MTA,95,7,14,6,1.5,3,50.5,0.7,2,35.9,0.8,1.2,68.2,0.4,1.3,1.6,0.5,0.2,0.5,0,0.3,1.3,1.2,4.3
64,D. PAPANIKOLAOUDIMITRIOS PAPANIKOLAOU,"OLY, PAO",91,25,12,4.4,1.2,2.3,52.9,0.3,0.9,35,1,1.8,58.6,0.6,1.4,2,0.6,0.5,0.6,0.2,0.1,1.7,1.5,4.3
65,M. ROZICMARIN ROZIC,CIB,86,28,17,5,1.4,3.1,45.6,0.4,1.3,28.6,1.1,1.5,78.4,0.6,2.1,2.8,0.5,0.9,1,0.1,0.3,2.2,1.4,4.3
66,T. RESSTOMAS RESS,"PES, FOR, MPS",160,26,12,3.8,0.9,1.7,51.8,0.5,1.2,39.5,0.6,0.8,73.2,0.6,1.6,2.2,0.3,0.4,0.4,0.5,0,1.4,0.9,4.4
67,T. KLIMAVICIUSTADAS KLIMAVICIUS,ZAL,82,16,15,4.2,1.3,2.8,46.5,0.3,1.2,24,0.7,1.1,60.4,1.3,2,3.3,0.7,0.2,1,0.5,0.3,1.4,1.2,4.4
68,T. DELININKAITISTOMAS DELININKAITIS,"LIE, ZAL",51,11,14,6.3,0.8,2,40,1.1,2.9,36,1.6,2,76.9,0.3,0.9,1.2,1.3,0.5,1.2,0,0.1,1.8,1.8,4.5
69,P. VASILOPOULOSPANAGIOTIS VASILOPOULOS,OLY,95,26,17,5.4,1.1,2.5,44.4,0.8,1.9,40.9,0.8,1.2,66.7,0.6,2.5,3.1,0.8,0.6,1.2,0.6,0.2,2.8,1.2,4.5
70,A. NOUAAMINE NOUA,ASV,83,29,16,5.5,1.4,2.6,52.8,0.8,2.3,33,0.5,0.7,70.2,0.5,2,2.5,0.7,0.3,0.8,0.3,0.2,1.6,0.8,4.5
71,D. ANDJUSICDANILO ANDJUSIC,"UNK, ASM, PAR",82,11,13,6,0.8,1.9,44.8,0.9,2.5,37.1,1.6,1.8,85.9,0.2,0.9,1.1,0.9,0.3,1.1,0,0.1,1.4,1.6,4.5
72,D. BERTANSDAIRIS BERTANS,"PAR, DDI, AXM, KHI",123,35,17,6.1,0.6,1.5,40.4,1.3,3,44.1,0.9,1.1,84,0.3,0.6,0.9,1.1,0.4,0.6,0,0.2,1.9,1.4,4.5
73,M. MARKOISHVILIMANUCHAR MARKOISHVILI,"TRE, LJU, CTU, GSL, CSK, DDI, ASM",126,58,18,6.4,1.4,3,44.9,1,2.6,36.7,0.8,1,80.9,0.5,1.3,1.8,1.1,0.8,1,0.1,0.2,2.6,1.7,4.5
74,J. POLJAKJOSKO POLJAK,"CSK, CIB, LJU",70,41,14,4.9,2.1,4,51.6,0,0.1,0,0.8,1.5,53.9,1.2,2.1,3.3,0.4,0.4,1,0.3,0.3,2.6,1.9,4.6
75,S. MONIASERGEY MONIA,"CSK, DYN, KHI",243,76,16,4.9,0.7,1.5,46.4,1,2.7,38.9,0.4,0.5,79.6,0.7,2,2.6,1,0.6,0.8,0.5,0.1,2.1,0.6,4.6
76,B. SEKULICBLAGOTA SEKULIC,"BUD, PAR, AEK, RMD, BER, FBU",65,17,13,4.3,1.7,2.9,57.9,0.1,0.4,25,0.6,1.2,52.6,1.4,1.5,2.9,0.2,0.4,0.6,0.2,0.1,1.8,1.1,4.6
77,J. DIBARTOLOMEOJOHN DIBARTOLOMEO,MTA,162,12,13,4.8,0.5,1.2,43.3,1,2.6,37.1,0.9,1,91.1,0.4,1,1.4,1.2,0.6,0.5,0,0.1,1.9,1.4,4.6
78,G. SHELEFGUR SHELEF,MAC,70,13,11,4.2,1.3,2.4,53.6,0.1,0.3,45,1.3,1.8,71.2,0.5,1.2,1.7,1.1,0.5,0.8,0.1,0.2,1.9,1.6,4.7
79,D. SHARPDERRICK SHARP,MAC,195,23,17,6,0.7,1.4,51.3,1.1,2.6,42.8,1.2,1.3,88.9,0.3,0.9,1.2,0.9,0.8,0.7,0,0.1,2.4,1.3,4.7
80,R. SEIBUTISRENALDAS SEIBUTIS,"OLY, LRY, ZAL",97,44,18,6.4,1.7,3.7,45.8,0.5,1.6,31.4,1.5,1.8,83.7,0.5,1.5,1.9,1.3,0.6,1.3,0.1,0.4,2.1,1.6,4.7
81,A. DIOTANTOINE DIOT,"LMS, SIG, VBC, ASV",126,48,17,4.5,0.6,1.3,44.6,0.9,2.4,38.6,0.6,0.7,78.9,0.2,1.2,1.4,2.4,0.7,1.4,0,0.1,1.8,1.3,4.7
82,V. MANTZARISVANGELIS MANTZARIS,OLY,210,159,20,4.3,0.4,1.1,40.7,1,2.7,35.5,0.5,0.8,67.6,0.4,2,2.5,2.1,0.6,0.8,0,0.1,2.4,1.2,4.7
83,E. ARSLANENDER ARSLAN,"BKN, LJU, EFS, GSL, DDI",243,52,17,5.6,0.9,2.1,41.9,0.9,2.8,32.2,1.2,1.7,70.2,0.2,0.9,1.1,1.9,0.6,1.1,0,0.1,1.5,2,4.8
84,I. CANAANISAIAH CANAAN,"UNK, OLY",64,39,19,8.5,1.1,2.6,40.8,1.8,4.5,40.1,0.9,1.1,76.7,0.3,1,1.3,1.1,0.6,1.1,0.1,0.3,2.3,1.4,4.8
85,C. WALLACEC.J. WALLACE,"FCB, EA7",76,14,15,4,0.7,1.7,41.1,0.6,1.9,34.5,0.7,1,69.7,0.9,2.4,3.3,0.9,0.6,0.5,0.2,0.2,2.2,1.3,4.8
86,V. FRIDZONVITALY FRIDZON,"KHI, CSK, ZEN",225,62,14,6.1,1.1,2.2,47.8,1,2.3,41.6,1.1,1.3,85,0.5,1.2,1.6,1,0.5,0.8,0.1,0.2,2.1,1.3,4.9
87,O. JARAMAZOGNJEN JARAMAZ,"BAY, PAR",62,16,15,6.5,1.2,2.6,46.9,0.9,2.6,34.2,1.4,1.7,81.9,0.4,1,1.4,1.3,0.5,1.1,0.1,0.2,2,2,5
88,P. ANTICPERO ANTIC,"AEK, OLY, FNB, CZV",162,49,16,5.6,0.9,1.9,44.4,0.9,2.9,29.9,1.3,1.8,71.6,0.9,2.4,3.3,0.7,0.4,0.8,0.2,0.2,2.3,1.8,5
89,A. MILAKNISARTURAS MILAKNIS,ZAL,265,76,20,6.9,0.6,1.1,51,1.7,4.1,42.5,0.6,0.7,82.6,0.3,1.2,1.4,0.8,0.5,0.6,0.1,0.1,1.9,1,5.1
90,Y. ZOOSMANYOVEL ZOOSMAN,"MTA, BER",137,43,17,4.9,1.1,2.2,49.8,0.7,1.8,36.8,0.7,0.9,79.5,0.6,1.7,2.4,1.3,0.8,0.9,0.1,0.2,1.9,1.1,5.1
91,D. DROBNJAKDRAGISA DROBNJAK,"MES, LJU, BER",42,17,19,5,1.8,3.1,58,0.2,0.9,22.2,0.9,1.3,64.3,1.1,2,3.1,0.9,0.7,1,0.3,0.1,2.5,1.2,5.1
92,R. GRIMAUROGER GRIMAU,"BIL, FCB",170,19,15,5.5,1.6,2.9,54.5,0.4,1.4,32.2,1.1,1.3,82.1,0.4,1.7,2.1,1,0.7,0.9,0.1,0.2,2.3,1.6,5.1
93,C. JENKINSCHARLES JENKINS,"EA7, KHI, CZV, OLY",194,109,21,6,1.3,2.9,46.1,0.9,2.1,40.7,0.7,0.9,80.8,0.4,1.4,1.8,1.6,1.2,0.8,0.1,0.3,2.6,1.2,5.1
94,A. KAVALIAUSKASANTANAS KAVALIAUSKAS,ZAL,84,11,12,5.5,2.1,3.5,62.1,0,0,0,1.2,1.5,80.5,1,1.5,2.6,0.7,0.3,1,0.2,0.3,2.6,1.5,5.2
95,A. RASICALEKSANDAR RASIC,"PAR, MPS",57,20,17,6.4,0.7,1.9,36.7,1.2,3.5,34.8,1.3,1.5,88.4,0.3,0.9,1.2,1.8,0.5,1.4,0,0.2,1.3,1.8,5.2
96,M. MANCEMARIJAN MANCE,"LJU, CIB",75,30,17,5.9,1.8,3.4,53.9,0.5,1.2,38.9,0.9,1.1,75.6,0.6,1.4,2,0.8,0.6,0.9,0,0.2,1.6,1.2,5.2
97,M. ZUKAUSKASMINDAUGAS ZUKAUSKAS,MPS,92,51,19,5.8,0.8,1.6,51,1.1,2.3,46.4,0.9,1.1,81.7,0.8,1.3,2.1,1.2,1,0.9,0.1,0.1,2.9,1.3,5.3
98,V. GINEVICIUSVIDAS GINEVICIUS,"ZAL, LIE",80,27,20,5,0.7,1.4,52.8,0.8,2.3,34.6,1.2,1.8,67.1,0.2,1.1,1.3,1.7,1.4,1.5,0,0.1,2.2,2.3,5.3
99,C. KAHUDICHARLES KAHUDI,ASV,109,56,20,5.9,1.1,2.4,47.5,0.9,2.6,35,0.9,1.1,84.7,0.6,2,2.6,0.7,0.5,0.7,0.1,0.1,2,1.5,5.3
100,M. TEPICMILENKO TEPIC,"PAO, LRY, PAR",118,53,21,6,1.4,3.2,42.7,0.7,2.2,33.1,1.1,1.5,73.1,0.5,1.9,2.4,1.7,0.7,1.6,0.1,0.2,2,1.8,5.4
101,M. TOMICMILAN TOMIC,"OLY, CZV, EA7",69,23,22,7.7,1,2.3,41.5,1.3,4.3,31,1.7,2.1,79.1,0.2,1.4,1.6,1.8,0.6,1,0,0.1,2.3,2,5.4
102,A. HOLLINSAUSTIN HOLLINS,"ZEN, CZV, MTA",112,71,18,7.6,1.4,2.6,53.3,1.3,3.9,33.9,0.9,1.1,85.7,0.7,1.1,1.8,0.9,1,0.9,0.2,0.3,2.1,1,5.4
103,S. MARKOVICSTEFAN MARKOVIC,"UNI, KHI, CZV",141,43,19,4,0.6,1.4,43.1,0.7,2.3,29.4,0.8,1,76.6,0.4,1.7,2,3.3,0.8,1.3,0,0.1,2.2,1.5,5.4
104,E. KUQOERMAL KUQO,EFS,114,53,16,7.7,3,5.5,54,0.2,0.6,38.6,1,1.4,68.3,1,2,3.1,0.7,0.5,1.5,0.1,0.2,3,1.5,5.4
105,M. POCIUSMARTYNAS POCIUS,"RMD, GSL, ZAL",116,40,18,7.3,1.5,3.1,47.4,0.9,2.9,31.3,1.6,2.1,76.4,0.4,1.6,2,1.4,0.3,1.5,0.1,0.4,1.8,2.1,5.5
106,B. OLESONBRAD OLESON,"CLA, FCB",150,65,19,6.1,1.1,2.1,50.5,1.1,2.8,38.5,0.8,1,81.9,0.3,1.2,1.5,1.5,0.5,0.7,0.2,0.2,1.8,1.3,5.5
107,S. SANLISERTAC SANLI,"GSL, EFS, BAR, FBB",136,64,13,6.4,2,3.2,62.1,0.4,1.4,31.1,1.1,1.3,80.9,0.9,1.6,2.5,0.6,0.3,0.8,0.4,0.3,2.4,1.2,5.5
108,A. ABRINESALEX ABRINES,"UNI, FCB",210,63,16,6.7,0.9,1.7,52.1,1.4,3.3,41.4,0.9,1,84.4,0.5,1.3,1.8,0.7,0.5,0.5,0.1,0.1,2,1.2,5.5
109,L. ANDRICLUKSA ANDRIC,"CIB, GSL, CED",98,49,16,6.5,2.5,4.2,58.8,0.2,0.5,28.3,1.1,1.8,61.8,1.3,2.3,3.5,0.4,0.7,1.4,0.4,0.3,3.4,1.8,5.6
110,L. RADOSEVICLEON RADOSEVIC,"CIB, EA7, LIE, ALB, BRO, BAY",250,157,16,5.6,2.2,4.2,52.2,0.1,0.2,26.7,1,1.5,70.6,0.9,1.8,2.7,0.7,0.4,1.1,0.3,0.2,1.9,1.6,5.6
111,J. BLAZICJAKA BLAZIC,"UOL, CZT, LBO, FCB",141,39,17,7,1.7,3.6,46.7,0.7,2.2,33.8,1.5,2,74.3,0.9,1.8,2.7,0.7,0.5,1.1,0.1,0.5,1.9,1.9,5.7
112,L. MAVROKEFALIDISLOUKAS MAVROKEFALIDIS,"ROM, OLY, PAO",104,24,13,6.2,2.3,4.5,52.3,0.1,0.4,25,1.3,1.7,76.3,1.1,2,3,0.5,0.3,0.9,0.2,0.3,2.1,1.6,5.7
113,B. BENTILBENJAMIN BENTIL,"PAO, AXM, CZV",107,40,15,6,1.4,2.9,49.4,0.7,1.7,37.4,1.1,1.5,73.6,0.9,1.9,2.8,0.7,0.5,0.9,0.1,0.1,1.8,1.4,5.7
114,V. JANKOVICVLADIMIR JANKOVIC,PAO,66,35,16,5.4,1.1,2.4,47.1,0.8,2.2,34.7,0.9,1.4,66.3,0.7,1.8,2.5,1.4,0.7,0.6,0.1,0.2,2.1,1.7,5.7
115,I. ITURBEIKER ITURBE,"EST, RMD",46,16,18,6.3,1.1,2.2,48.5,1.2,2.7,42.7,0.8,1.1,71.4,0.6,2.1,2.7,0.8,0.9,1.2,0.1,0.1,2.3,1.5,5.7
116,I. VOUGIOUKASIAN VOUGIOUKAS,"OLY, GSL, ZAL, PAO",160,32,10,5,1.8,3.3,55.6,0,0,0,1.4,1.9,75.1,0.8,1.2,2,0.6,0.2,0.7,0.4,0.2,1.8,2.1,5.7
117,N. KURBANOVNIKITA KURBANOV,CSK,291,200,16,4.5,1,1.8,54.7,0.5,1.4,38.2,1,1.2,82.3,0.9,2.1,3,0.9,0.5,0.7,0.3,0.2,1.9,1.2,5.7
118,H. MRAZEKHAROLD MRAZEK,"LUG, ASV",64,26,23,7.3,0.6,1.4,41.8,1.6,3.4,47.7,1.2,1.4,87.5,0.2,1.2,1.5,1.3,0.9,1.6,0.1,0.2,2.7,2,5.8
119,D. MRSICDAMIR MRSIC,FBU,58,10,20,7.8,0.5,0.8,63.3,2,4.8,42.2,0.6,0.8,82.2,0.2,0.8,1,1.4,0.5,1,0,0,1.6,1,5.8
120,S. PANOVSERGEY PANOV,"PEM, CSK",105,26,14,5,1.3,2.2,58.8,0.5,1.4,36.6,1,1.2,81,1,2.3,3.2,1,1,0.8,0.2,0.2,2.6,1.1,5.9
121,R. SMITSROLANDS SMITS,"FCB, ZAL",145,58,16,5.9,1.6,2.7,59.4,0.6,1.8,35.2,0.8,1,83.7,1.1,2.2,3.3,0.7,0.3,0.9,0.1,0.2,2.1,1.2,5.9
122,J. TIMMAJANIS TIMMA,"BKN, OLY, KHI, UNK",96,68,21,7.4,0.9,1.6,55.1,1.7,4.4,38.2,0.5,0.7,70.4,0.6,1.6,2.2,1.2,0.8,1.1,0.1,0.2,2,1.1,5.9
123,L. WESTERMANNLEO WESTERMANN,"PAR, LIM, CSK, ZAL, FCB, FNB, ASM",176,102,18,6.1,1,2.4,43,1,2.7,37.6,0.9,1.1,85.9,0.3,1.7,2,3.1,0.5,1.8,0,0.2,2.3,1.6,5.9
124,P. RIBASPAU RIBAS,"CJB, CLA, VBC, FCB",165,56,17,5.5,0.9,2,47.4,1,2.6,38.9,0.6,0.7,83.3,0.3,1.4,1.8,2.2,0.7,1,0,0.1,1.7,1.2,5.9
125,N. PAPPASNIKOS PAPPAS,PAO,130,13,16,7,1.6,3.1,50.7,0.7,2.2,31.6,1.7,2.2,80.8,0.3,1.1,1.4,1.1,0.6,1,0,0.3,1.8,2.3,5.9
126,M. BELINELLIMARCO BELINELLI,"FOR, VIR",98,35,19,8.3,1.4,2.9,49.7,1.4,3.7,38.4,1.1,1.4,77.5,0.4,1,1.3,1,0.7,0.9,0,0.2,1.8,1.6,5.9
127,P. ORIOLAPIERRE ORIOLA,FCB,142,29,16,5.4,1.7,2.9,58.4,0.4,0.9,41.3,1,1.5,64.6,1.2,2,3.2,0.7,0.3,0.8,0.3,0.2,2.1,1.3,5.9
128,K. TUNCERIKEREM TUNCERI,"ULK, RMD, EFS",160,99,23,5.9,1.1,2.6,43.8,0.9,3,31.2,0.8,1.1,78.9,0.2,1.4,1.7,3.1,1,1.6,0.1,0.1,1.8,1.4,6
129,L. OLINDELOUIS OLINDE,"BRO, BER",93,44,16,5.4,1.3,2.4,53.3,0.6,1.7,35.6,1,1.2,78.8,1,2.2,3.2,0.7,0.5,0.8,0.3,0.3,1.8,1.5,6
130,N. RODRIGUEZNACHO RODRIGUEZ,FCB,62,13,16,4.1,0.7,1.5,48.9,0.5,1.5,34.4,1.1,1.5,73.9,0.4,1.6,2,2,0.9,0.9,0,0.2,1.6,1.8,6
131,J. BOLOMBOYJOEL BOLOMBOY,"CSK, OLY, CZV",138,20,13,4.5,1.5,2.6,59.4,0.2,0.7,32.3,0.8,1.1,71.2,1.3,1.9,3.3,0.4,0.3,0.6,0.4,0.2,1.5,1.2,6
132,B. MOTUMBROCK MOTUM,"ZAL, EFS, VBC, ASM",164,22,15,7.1,1.9,3.5,54.6,0.8,1.8,42.6,0.9,1.1,79.8,0.8,1.5,2.3,0.5,0.4,0.7,0.1,0.3,1.2,1,6
133,V. BOISAVLADIMER BOISA,"MPS, ARI, UOL",89,67,22,7.9,2,4.2,47.6,0.8,2.4,31.2,1.7,2.7,63.6,1.2,2.1,3.3,0.7,0.6,0.9,0.1,0.3,3.2,2.6,6.1
134,N. GIFFEYNIELS GIFFEY,"BER, ZAL, BAY",130,37,17,6.8,1.6,3.1,50.5,0.9,2.2,42.6,0.9,1.1,83.2,0.8,1.7,2.5,0.9,0.7,0.9,0.2,0.2,2.2,1.2,6.1
135,M. JANNINGMATT JANNING,"MPS, EFS, LOK, KBA",152,81,22,8,1.1,2.3,46.5,1.7,4.6,37,0.7,0.8,81,0.3,1.5,1.9,1.6,0.7,1,0.1,0.1,1.9,1.2,6.1
136,R. JOKUBAITISROKAS JOKUBAITIS,"ZAL, BAR",130,7,15,5.7,1.6,3.3,48.7,0.5,1.2,44.4,0.9,1.2,75.8,0.3,1.2,1.6,2.3,0.3,1.3,0,0.2,1.4,1.6,6.1
137,I. DE MIGUELIGNACIO  DE MIGUEL,"OLY, UNI, RMD",75,21,15,5.4,1.7,3.3,51.4,0,0.1,11.1,1.9,2.6,74.1,1.3,2.2,3.5,0.5,0.6,1.1,0.2,0.3,2.7,2.4,6.2
138,B. RODRIGUEZBERNI RODRIGUEZ,UNI,169,74,21,7.4,1.3,2.7,47.9,1.1,2.9,37.8,1.5,1.9,80.4,0.4,1.4,1.8,2.1,0.7,1.6,0,0.3,2.4,1.9,6.2
139,K. RIVERSKC RIVERS,"KHI, RMB, PAO, ZAL, ZEN, BAY",206,70,22,8.1,1.4,2.9,50,1.6,4.1,38.2,0.5,0.8,69.6,0.5,1.8,2.3,1,0.7,0.6,0.1,0.2,2.1,1.1,6.2
140,F. ALVERTISFRAGISKOS ALVERTIS,PAO,115,34,19,8.2,1.3,2.6,49.3,1.3,3.2,41.7,1.6,2,79.8,0.4,1.3,1.6,0.6,0.6,0.7,0.1,0.1,2.5,2.1,6.2
141,F. DYLEWICZFILIP DYLEWICZ,"PRO, TUR",79,11,16,5.2,1.6,3.2,49,0.4,1.2,29.9,1,1.6,62.1,1.4,2.4,3.8,0.9,0.7,0.9,0.4,0.2,1.7,1.2,6.2
142,T. BURSTEINTAL BURSTEIN,MTA,178,104,20,6.3,1.7,3.3,50.2,0.6,1.8,34.1,1.2,1.6,75.3,0.5,2.1,2.6,1.7,0.8,1.1,0.1,0.2,2.4,1.7,6.2
143,G. VIDMARGASPER VIDMAR,"LJU, BJK, FBU",102,91,16,5.8,2.4,4.2,57.1,0,0,0,1.1,2.5,42.2,1.7,2.1,3.8,0.5,0.7,1.5,0.5,0.4,2.7,2.9,6.3
144,R. BLAKNEYRODERICK BLAKNEY,"AEK, OLY, UNI",48,32,22,6.7,1.4,3.4,42.3,0.9,2.2,38,1.3,1.5,87.3,0.4,1.2,1.6,2.4,1.1,0.9,0.1,0.2,2.4,1.5,6.3
145,S. VIDALSERGI VIDAL,"BKN, RMD, UNI",226,69,18,4.7,1,2,48.8,0.5,1.5,35.1,1.2,1.6,75.1,0.5,1.7,2.1,1.4,0.8,0.8,0,0.1,1.3,1.8,6.3
146,S. MANCINELLISTEFANO MANCINELLI,"FOR, MIL",119,59,19,6.3,2,3.4,58.4,0.5,1.7,29.5,0.8,1.2,66.4,0.8,2,2.8,1.1,1,0.9,0.2,0.2,2.2,1.2,6.3
147,N. HATZIVRETTASNIKOS HATZIVRETTAS,"CSK, PAO",141,84,20,7.7,1.5,2.7,56,0.9,2.4,39.3,1.8,2.3,77.6,0.3,1.3,1.7,0.9,0.6,0.9,0.1,0.2,2.4,2,6.3
148,J. DIEBLERJON DIEBLER,"EFS, GSO, DTI",78,27,20,6.7,0.5,1.2,44,1.7,3.5,47.1,0.7,0.8,86.9,0.4,1.3,1.7,1.4,0.4,0.7,0,0.1,2,1.5,6.3
149,M. SLAUGHTERMARCUS SLAUGHTER,"BRO, RMD, DDI",134,15,15,4.4,1.7,2.7,63.5,0,0,0,1,1.7,57.1,1.2,2.1,3.2,0.6,0.8,0.8,0.6,0.1,2.5,1.8,6.3
150,J. INGLESJOE INGLES,"FCB, MAC",95,35,18,5.6,1.2,2.3,53.5,0.8,2.2,34.9,0.8,1.1,75.5,0.4,1.8,2.2,1.7,0.6,1,0.1,0.1,1.4,1.5,6.3
151,K. VASILEIADISKOSTAS VASILEIADIS,"PBC, OLY, BIL, EFS, UNI",100,41,18,7.8,0.9,1.9,47.1,1.6,4.2,37,1.4,1.7,86.2,0.4,1.5,2,0.8,0.6,1,0.1,0.2,1.6,1.6,6.3
152,O. DOBRICOGNJEN DOBRIC,"CZV, VIR",154,43,18,7.7,1.6,3.1,50.7,1.2,3.3,36.6,0.9,1.2,77.2,0.6,1.3,1.9,0.9,0.7,0.8,0.1,0.2,1.4,1.4,6.4
153,S. OZBOLTSASO OZBOLT,"UOL, ZAG",84,50,23,7.3,1.3,2.8,45.6,1,3,34.5,1.7,2.1,79.5,0.4,1.4,1.9,1.6,1.1,1.5,0.1,0.3,2.3,2.4,6.4
154,A. VORONTSEVICHANDREY VORONTSEVICH,"CSK, UNK",293,119,16,5.6,1.1,2.1,52.6,0.9,2.4,40,0.6,0.8,72.5,0.9,2.2,3.1,1,0.4,0.6,0.4,0.1,1.7,0.9,6.4
155,T. RUPERTTHIERRY RUPERT,PAU,42,26,18,5.8,2.3,4.6,49.2,0,0,0,1.2,1.4,85,1.5,2.3,3.7,0.4,0.5,1.1,1,0.4,2.3,1.2,6.4
156,O. SAVASOGUZ SAVAS,"ULK, DTI",202,69,14,5.9,2.2,4,55.4,0.1,0.2,27.9,1.3,1.8,76.6,1.2,1.7,2.8,0.7,0.4,1,0.3,0.4,1.8,1.8,6.4
157,K. TILLIEKIM TILLIE,"LBO, OLY, HGC",124,56,19,6.1,1.6,3.1,52.8,0.7,1.7,39.6,0.8,1.1,75.2,1.4,2.2,3.6,0.9,0.7,0.9,0.2,0.2,2.2,1,6.4
158,P. SANCHEZPEPE SANCHEZ,"PAO, UNI, FCB, RMD",105,36,20,4.6,1,2.1,47.7,0.6,1.8,32.6,0.8,1.1,76.1,0.5,2.4,2.8,2.9,1.3,1.8,0,0.1,2.2,1.4,6.4
159,S. PERPEROGLOUSTRATOS PERPEROGLOU,"PAO, OLY, EFS, FCB, CZV",222,124,19,7.1,1.6,3.6,45,0.9,2.5,37.1,1.1,1.5,76.1,0.4,2.2,2.6,1.1,0.7,0.9,0.2,0.2,2,1.8,6.4
160,I. BAKOISMAEL BAKO,"ASV, VIR",85,5,13,5.3,1.8,3,60.6,0,0,0,1.6,1.8,86.5,1.2,1.6,2.8,0.4,0.5,0.7,0.8,0.2,2.2,1.3,6.5
161,C. OSMANCEDI OSMAN,EFS,98,53,18,6.7,1.4,2.9,47.2,1,2.7,35.6,1.1,1.6,71,0.8,2.1,2.9,0.9,0.7,0.7,0.1,0.2,1.9,1.6,6.5
162,E. JACKSONEDWIN JACKSON,"UNI, FCB, BUD, ASV",91,51,20,7.5,1.4,3.1,45.1,1.1,3.5,32.7,1.2,1.5,84.1,0.4,1.4,1.8,1.8,0.5,1.3,0,0.2,1.5,2.2,6.5
163,V. AVDALOVICVULE AVDALOVIC,"PAR, CHO, ALB",71,26,20,6.5,1.1,2.4,45.2,0.8,2.3,36.6,1.9,2.4,79.2,0.3,1.2,1.5,2.2,0.7,1.4,0,0.2,2.6,3,6.5
164,A. ABALDEALBERTO ABALDE,"VBC, RMB",142,65,18,6.3,1.3,2.8,46.9,0.9,2.3,38.3,0.9,1.2,77.3,0.6,2.1,2.7,1.8,0.4,1,0,0.2,1.6,1.3,6.6
165,T. DARDENTREMMELL DARDEN,"UNI, ZAL, RMB, OLY",88,85,20,6.5,1.9,3.6,51.7,0.6,1.5,41,0.9,1.1,75,0.7,2.1,2.7,0.7,0.4,0.7,0.5,0.3,1.4,1.1,6.6
166,M. SIMONOVICMARKO SIMONOVIC,CZV,104,22,20,7.5,1.1,2.2,51.3,1.4,3.5,40.8,0.9,1.2,78,0.5,1.9,2.4,0.5,0.5,0.5,0.1,0.2,1.5,1.2,6.6
167,F. ALDEMIRFURKAN ALDEMIR,"GSL, DDI",86,32,13,4.1,1.6,2.8,58.8,0,0,0,0.9,1.4,61.3,1.7,2.5,4.2,0.4,0.3,0.7,0.6,0.2,1.7,1.2,6.6
168,B. EZEBENJAMIN EZE,"KHI, MPS",117,90,18,5.9,2.5,4.4,56.2,0,0,20,1,1.8,53.7,1.4,2.4,3.8,0.2,0.9,1.2,1,0.3,2.4,1.6,6.6
169,N. VELICKOVICNOVICA VELICKOVIC,"PAR, RMD, BRO",120,52,17,6.4,1.9,3.8,50.7,0.5,1.7,31,1.1,1.7,63.2,1.2,2.5,3.6,1.1,0.6,1.2,0.2,0.2,1.9,1.8,6.6
170,O. DA SILVAOSCAR DA SILVA,"BER, BAR",61,11,15,6.1,2.2,3.6,61.1,0.3,1,27.1,0.9,1.3,69.2,1.1,1.9,3,0.5,0.6,0.7,0.4,0.4,1.6,1.3,6.7
171,Z. DRAGICZORAN DRAGIC,"UNI, KHI, EA7, EFS, TDS, ZAL",152,70,19,7.9,2,3.8,51,0.8,2.7,30,1.5,2.1,73.7,0.8,1.4,2.2,1,0.7,1,0.1,0.4,1.9,2.5,6.7
172,J. HUKICJASMIN HUKIC,"PRO, LJU",76,33,21,8.4,1.3,3,43.9,1.6,4.3,37.3,1,1.3,74,0.7,2.4,3.1,1.1,0.7,1.1,0.1,0.2,2.1,1.5,6.7
173,W. HERRMANNWALTER HERRMANN,"UNI, CLA",50,23,18,7.4,1.9,3.6,51.7,0.9,2.5,36.3,1,1.4,67.6,0.7,2.1,2.8,0.6,0.4,0.8,0.1,0.2,1.3,1.7,6.7
174,L. JEAN-CHARLESLIVIO JEAN-CHARLES,"ASV, OLY",85,31,16,6.3,2.2,3.7,61,0.3,1.1,29.9,0.8,1,82.1,1.3,1.8,3,0.6,0.5,1.1,0.5,0.2,1.6,1.1,6.7
175,D. HILLIARDDARRUN HILLIARD,"KBA, CSK, BAY, MTA",150,66,19,9.2,1.5,3.4,44.8,1.6,4.2,37.4,1.5,1.9,81.7,0.3,2,2.3,1.2,0.6,1.2,0.1,0.4,2.1,1.8,6.8
176,R. DE LA FUENTERODRIGO DE LA FUENTE,"FCB, ROM",156,92,21,5.8,1.6,3.1,50.6,0.5,1.5,34.5,1,1.3,80.8,0.8,2.3,3.1,1.1,0.8,0.9,0.1,0.2,1.6,1.5,6.8
177,T. SEDEKERSKISTADAS SEDEKERSKIS,TDS,98,38,15,4.1,1.2,1.8,64.6,0.4,1.1,35.2,0.6,0.8,75,0.8,2.6,3.4,1,0.5,0.5,0.2,0.2,1,0.8,6.8
178,J. ANDERSONJAMES ANDERSON,"ZAL, DDI, KHI, EFS",223,139,18,6.6,1.4,2.9,49.5,1,2.7,36.4,0.9,1.2,77.2,0.7,2.4,3.1,1,0.5,0.7,0.2,0.2,1.6,1.2,6.8
179,K. TARCZEWSKIKALEB TARCZEWSKI,AXM,156,113,15,5.2,1.9,3.1,62.8,0,0,0,1.3,1.8,68.3,1.7,2.4,4,0.4,0.3,0.9,0.6,0.2,2.6,1.9,6.8
180,T. BLATTTAMIR BLATT,"BER, MTA",61,17,17,6.4,0.4,1,35.5,1.6,4.6,35.6,0.9,0.9,92.9,0.2,1,1.3,4.1,0.3,1.9,0,0.1,0.9,1.3,6.8
181,D. KUSDAVOR KUS,"AEK, UNI, CIB",148,56,21,7.6,1.3,2.8,46.5,0.9,2.4,37.6,2.3,2.7,83.4,0.3,1,1.3,1.7,0.6,1.4,0.1,0.2,1.9,2.5,6.8
182,K. TSARTSARISKOSTAS TSARTSARIS,"PER, PAO",239,137,18,6.3,1.8,3.3,56.2,0.4,1.3,32,1.4,2,69.3,1.1,2.7,3.8,0.9,0.5,1.1,0.3,0.2,2.7,2,6.8
183,M. MORDENTEMARCO MORDENTE,"MPS, TRE, MIL",72,16,22,7.5,1.3,2.8,48.5,1.2,2.6,45,1.2,1.5,82.2,0.5,1.6,2.1,1.4,0.8,1.2,0,0.1,2.8,2.3,6.9
184,A. SAVRASENKOALEKSEY SAVRASENKO,"PER, OLY, CSK, KHI, UNK",173,93,17,5.4,2.3,3.8,61.2,0,0,0,0.8,1.7,45.2,1.7,2.4,4.1,0.5,0.4,0.9,0.8,0.2,2.3,1.6,6.9
185,A. DROZDOVARTUR DROZDOV,"PAU, BUD",67,39,21,7.1,2,3.6,53.7,0.8,2.1,39.4,0.7,1.3,52.4,0.9,2,2.9,1.1,0.8,1.2,0.4,0.1,1.5,1.1,6.9
186,R. SORKINROMAN SORKIN,MTA,59,5,13,5.5,2.2,3.2,68.4,0.1,0.4,24,0.8,1.3,64.5,1.4,1.3,2.7,0.6,0.3,0.4,0.6,0.1,1.6,1.2,6.9
187,M. ROLLMICHAEL ROLL,"MTA, AXM",122,64,20,7.3,1.7,3.3,49.8,1.1,2.6,42.2,0.7,0.7,88.9,0.3,1.6,2,2.1,0.5,0.8,0,0.1,1.7,1,6.9
188,M. TOMASMARKO TOMAS,"RMD, CIB, FBU, CED",74,42,22,8.4,1.3,3,43.6,1.3,3.6,35,2,2.5,79,0.7,1.7,2.4,1.2,0.8,1.3,0.1,0.2,2.3,2.4,6.9
189,Y. OHAYONYOGEV OHAYON,MTA,138,104,21,5.8,1.5,3.5,41.9,0.7,1.8,37.9,0.8,1.3,66.5,0.5,2,2.5,3.2,1.1,1.5,0.1,0.2,2.1,1.7,6.9
190,L. LEKAVICIUSLUKAS LEKAVICIUS,"PAO, ZAL",264,25,16,7,1.8,3.6,50.7,0.7,1.8,39.6,1.2,1.4,84,0.3,1,1.3,2.4,0.5,1.4,0,0.2,1.8,2.4,6.9
191,M. KALNIETISMANTAS KALNIETIS,"LOK, EA7, ZAL",194,98,20,6.7,1.9,3.5,52.5,0.7,2.4,30.8,0.7,1,71.1,0.2,1.9,2.1,3,0.7,1.9,0.1,0.2,1.3,1.4,7
192,A. PETERSALEC PETERS,"CSK, EFS, TDS, OLY",146,42,17,6.8,1.2,2.3,53.6,1.1,2.6,43.1,0.9,1,90.2,0.8,2.1,2.9,0.9,0.5,0.6,0.1,0.3,1.9,1.3,7
193,D. MARCELICDAVOR MARCELIC,"ZAD, FOR, ASV, PAU, CIB",74,43,25,8.8,1.5,2.9,50.5,1.6,4.9,32.4,1.1,1.4,77.5,0.8,2.1,2.9,1.2,0.8,1.2,0.1,0.1,2,1.6,7
194,T. VAN DEN SPIEGELTOMAS VAN DEN SPIEGEL,"FOR, PRO, CSK, RMD, MIL",101,23,14,5.6,2,3.3,60.5,0,0,0,1.7,3.1,55.2,1.6,2.3,3.9,0.3,0.7,1,0.8,0.2,2.8,2.4,7
195,M. BULLERIMASSIMO BULLERI,"TRE, MIL",126,52,21,8.7,2,3.9,50.2,1,2.9,34.8,1.7,2.1,82.2,0.3,1.4,1.8,1.7,1.1,2,0.1,0.3,2.3,2.5,7
196,C. CABEZASCARLOS CABEZAS,"UNI, KHI, CLA",161,94,21,7.2,1.7,3.1,54.3,0.7,2.2,33.7,1.6,2.1,79.5,0.6,1.4,2,1.7,0.6,1.5,0,0.3,1.6,2.2,7.1
197,M. GECEVICIUSMARTYNAS GECEVICIUS,"OLY, LRY",86,31,18,7.3,1,2,49.1,1.4,3.3,41.3,1.2,1.5,84.8,0.2,1.5,1.7,1.3,0.6,1.1,0,0.2,1.3,2,7.1
198,J. MACIULISJONAS MACIULIS,"ZAL, MIL, PAO, RMB",239,167,20,7.6,1.6,3.1,50,1.1,3,35.8,1.3,1.8,71.1,0.9,2.2,3.1,1,1,1.1,0.1,0.2,2.4,1.9,7.1
199,A. FROSINIALESSANDRO FROSINI,"VIR, PES",74,45,21,6.4,2.6,5.3,49.7,0,0,0,1.1,1.7,65.1,1.8,2.7,4.5,0.4,0.8,1.1,0.7,0.3,2.6,1.6,7.1
200,J. FELDEINEJAMES FELDEINE,"PAO, CZV",87,65,23,8.8,1.7,4,41.8,1.4,4,34.5,1.3,1.6,79,0.3,1.3,1.6,2.3,1,1.2,0.2,0.3,1.5,1.6,7.1
201,N. WILLIAMS-GOSSNIGEL WILLIAMS-GOSS,"RMB, OLY",86,63,19,7.6,2.1,4.5,47.3,0.8,2.1,35.7,1.1,1.4,81.2,0.3,1.5,1.8,2.8,0.6,1.2,0,0.2,2,1.6,7.1
202,I. PAPAPETROUIOANNIS PAPAPETROU,"OLY, PAR, PAO",257,151,22,7.6,1.9,3.7,52.1,0.9,2.8,33.8,0.9,1.3,69.9,0.7,2.4,3.1,1.1,0.5,0.9,0.3,0.2,1.9,1.6,7.1
203,D. MOSSDAVID MOSS,"MPS, EA7",115,88,24,7.6,1.6,3.1,49.4,1.2,3,38.4,1,1.2,82.4,0.9,2.3,3.2,1.4,0.9,1.1,0.2,0.2,2.9,1.7,7.1
204,M. SONKOMOUSTAPHA SONKO,"UNI, RMD",78,48,25,7.5,1.4,3.1,46.1,0.9,2.8,33.2,1.8,2.1,83.7,0.6,1.7,2.3,2.2,0.9,1.8,0.3,0.1,2.9,2.6,7.1
205,F. CAUSEURFABIEN CAUSEUR,"CHO, LBO, BRO, RMB",304,191,19,7.4,1.8,3.2,55.6,1,2.4,39.1,1,1.4,72.8,0.4,1.5,1.9,1.6,0.6,1.2,0.1,0.2,1.8,1.9,7.2
206,K. PEKERKAYA PEKER,"BKN, EFS, FBU",189,102,17,6.1,2.3,4.5,50.1,0,0.1,30,1.6,2.8,55.9,1.3,2.7,4.1,0.7,0.9,1.3,0.5,0.3,2.6,2.6,7.2
207,P. FEMERLINGPATRICK FEMERLING,"OLY, FCB, PAO, BER",100,22,15,5.2,1.7,3,56.3,0,0,33.3,1.8,2.5,72.1,1.3,2.2,3.5,0.4,0.5,1.1,0.7,0.1,2.1,2.2,7.2
208,Y. HALPERINYOTAM HALPERIN,"LJU, MAC, OLY",157,78,18,6.3,1.4,2.5,54.8,0.8,1.9,41.8,1.2,1.4,85.1,0.3,1.3,1.6,1.8,0.9,1,0.1,0.1,1.4,1.4,7.2
209,F. PIETRUSFLORENT PIETRUS,"PAU, UNI, VBC, CLA",122,56,19,5.2,1.6,3,54.7,0.1,0.5,26.2,1.6,2.2,72.2,1.5,2.7,4.3,0.5,0.9,1.3,0.6,0.2,2.4,1.9,7.2
210,A. JACKSONAARON JACKSON,"BIL, CSK, MTA",178,101,19,6.2,1.7,2.9,56.4,0.6,1.7,36.7,1,1.3,76.2,0.4,1.4,1.8,2.6,0.7,1.2,0,0.3,1.7,1.7,7.2
211,L. BOGDANOVICLUKA BOGDANOVIC,"PAR, LMS, CJB",71,27,20,8,1.4,3.1,44.5,1.4,3.4,41.2,1.1,1.3,82.8,0.8,2.5,3.2,0.9,0.5,1.1,0.1,0.1,1.5,1.1,7.2
212,D. MARKOTADAMIR MARKOTA,"ZAL, CIB, UOL, BJK, BRO",90,48,20,6.7,1.7,3.2,53.5,0.8,2.7,28.1,1,1.4,73.2,1.2,3,4.2,1.1,0.5,1.4,0.2,0.3,1.4,1.3,7.2
213,D. BLUDAVID BLU,"TRE, FOR, LMS, MAC",181,50,22,9.1,1.7,3.4,50.8,1.6,3.9,41.1,0.9,1.1,83.3,0.8,2,2.8,0.8,0.5,0.9,0.1,0,2.1,1.1,7.2
214,P. SHUMPERTPRESTON SHUMPERT,"MIL, FOR, TRE, EFS, GSL",65,23,22,8.7,2.2,4.6,48.3,1.1,3.1,36.8,0.9,1.2,75,0.7,1.8,2.5,1,0.9,1.1,0.1,0.3,1.4,1.5,7.2
215,S. JASAITISSIMAS JASAITIS,"MAC, BKN, CJB, LIE, LOK",103,68,22,7.8,1.5,2.5,58.5,1.3,3.4,38.9,0.9,1,81.5,1.1,1.9,3.1,0.7,0.7,0.7,0.1,0.1,2,1.1,7.2
216,J. CARROLLJAYCEE CARROLL,RMD,274,46,16,9.5,1.8,3.3,54.4,1.6,3.8,42.1,1.1,1.2,91.2,0.4,1.1,1.6,0.6,0.3,0.7,0.1,0.3,1.6,1.5,7.3
217,G. GALANDAGIACOMO GALANDA,"FOR, MPS, MIL",107,71,21,7.8,1.8,3.4,53.2,1.1,2.7,39.9,1,1.3,77,1.2,2.8,4,0.8,0.9,1.4,0.3,0.2,3.2,1.7,7.3
218,A. DIGBEUALAIN DIGBEU,"FCB, RMD, FOR",49,15,19,7,1.1,2.1,51.5,1.1,3.2,33.3,1.6,2.1,78.4,0.7,1.9,2.6,1.1,1,1.3,0.4,0.1,2.3,2.5,7.3
219,N. ZISISNIKOS ZISIS,"AEK, TRE, CSK, MPS, UNK, FBU, BRO",310,176,22,6.9,1.8,3.8,47,0.6,1.9,31.2,1.6,2,79,0.3,1.7,2.1,2.9,0.6,1.3,0,0.2,2.2,2.4,7.4
220,M. SORAGNAMATTEO SORAGNA,TRE,59,41,26,7.6,1.7,3.3,50.5,1.1,2.9,37,1.1,1.4,74.1,0.2,2.3,2.5,1.7,1,1.3,0.1,0.1,2.3,2.1,7.4
221,T. RUZICTOMISLAV RUZIC,"ZAD, CIB, ASV",53,25,20,7.4,2.8,5,55.1,0.3,0.6,42.4,1.1,1.5,74.7,1.4,2.6,3.9,0.5,0.5,0.9,0.3,0.2,2.7,1.5,7.4
222,O. KUZMICOGNJEN KUZMIC,"UNI, PAO, RMB, CZV",168,136,14,5.1,2.1,3.7,55,0,0,0,1,1.5,66.8,1.9,2.5,4.4,0.5,0.5,0.7,0.3,0.3,1.6,1.4,7.5
223,P. KOPONENPETTERI KOPONEN,"KHI, FCB, BAY",155,37,19,8.3,1.3,2.7,46.6,1.6,3.5,46.2,0.9,1,90.1,0.2,1.3,1.5,1.8,0.4,1,0,0.2,1.6,1.7,7.5
224,K. KURICKYLE KURIC,FCB,159,35,18,8,1.2,2.4,51.6,1.5,3.4,44.8,1.1,1.2,91.2,0.6,1.3,1.8,0.7,0.6,0.6,0.1,0.1,1.3,1.4,7.5
225,B. UDRIHBENO UDRIH,"LJU, MAC, ZAL",69,25,22,7.5,2.3,4.3,52.2,0.5,1.6,30,1.6,2.1,73.3,0.4,1.6,2,2.4,1.2,1.7,0.1,0.2,2.1,2.1,7.5
226,K. KAIMAKOGLOUKOSTAS KAIMAKOGLOU,"MAR, PAO, UNK",85,48,21,6.5,1.3,2.7,49.1,0.9,2.4,36.1,1.3,1.7,75.3,0.9,2.6,3.5,1.5,0.7,1.1,0.2,0.2,1.9,1.6,7.5
227,R. UKICROKO UKIC,"BKN, FCB, ROM, FBU, PAO, CED",154,106,23,8.6,2.4,5.2,45.5,0.9,2.8,30.7,1.2,1.7,73,0.5,1.5,2.1,2.6,0.6,1.3,0.1,0.4,1.4,1.9,7.5
228,G. POZZECCOGIANMARCO POZZECCO,"FOR, AXM",53,11,18,6.7,1.4,2.6,54.3,0.5,1.7,33,2.3,2.7,83.9,0.3,1.2,1.5,4.2,1,2.8,0,0.2,2.7,2.6,7.6
229,A. CALOIAROANGELO CALOIARO,MTA,116,76,22,5.4,1.3,2.2,57.4,0.6,1.8,32.2,1.2,1.4,82.3,1.2,2.4,3.6,1.4,0.8,0.6,0.1,0.2,2.2,1.6,7.6
230,H. MARTINHASSAN MARTIN,"OLY, CZV",78,10,16,6.4,2.7,4,66,0,0,0,1.1,1.5,70,1.3,2.2,3.5,0.3,0.5,0.8,0.5,0.4,2.2,1.6,7.6
231,O. LAFAYETTEOLIVER LAFAYETTE,"PAR, EFS, PRO, ZAL, OLY, EA7",84,20,21,7.9,1.3,3.2,39,1.4,4.1,33.2,1.2,1.6,74.6,0.5,1.8,2.3,2.7,0.9,1.6,0,0.2,1.9,2.6,7.6
232,J. BROOKSJEFF BROOKS,"CTU, DSS, UNI, AXM",124,73,20,5.7,1.7,3.2,54.1,0.5,1.3,39.2,0.7,1,75,1.3,2.8,4.1,1,0.6,0.7,0.3,0.1,1.8,0.9,7.6
233,S. STONEROOKSHAUN STONEROOK,MPS,113,95,24,5.1,0.7,1.4,51.6,0.9,2.6,34,1,1.4,70.1,0.8,4.1,4.9,1.7,1.8,1.4,0.3,0.2,3.7,2,7.6
234,V. ILIEVSKIVLADO ILIEVSKI,"FCB, ROM, MPS, BKN, UOL, EFS, CED",163,96,24,8.2,1.6,3.3,48.3,1.1,3.2,35.5,1.6,2,80.1,0.3,1.3,1.6,2.2,1.2,1.4,0.1,0.3,2,2.3,7.6
235,T. HANSENTRAVIS HANSEN,"BKN, DYN, RMD, KHI",74,46,21,9.1,1.5,3.3,45,1.6,3.9,41.9,1.3,1.6,78.7,0.9,1.9,2.7,1,0.9,1.1,0.2,0.1,2.2,1.7,7.6
236,S. ERDENSEMIH ERDEN,"PAR, EFS, FBU, DDI",160,101,17,6.6,2.5,4.6,54.4,0,0,25,1.6,3,54.3,1.4,2.7,4.2,0.6,0.4,1.4,0.7,0.3,2.4,2.8,7.6
237,D. DAVIDOVACDEJAN DAVIDOVAC,CZV,109,31,19,6.2,1.4,2.4,56.4,0.8,2,38,1.2,1.6,76.3,0.7,2.1,2.8,1.1,0.8,0.8,0.2,0.1,1.9,1.9,7.6
238,C. SUAREZCARLOS SUAREZ,"EST, RMD, UNI",170,92,19,5.1,0.9,1.9,46.7,0.7,2.4,29.7,1.2,1.5,78.1,1.1,2.4,3.5,1.7,0.5,0.9,0.1,0.2,1.5,2.3,7.6
239,D. THOMPSONDEON THOMPSON,"UOL, ALB, BAY, CZV, GSO, ZAL",107,46,18,7.5,3.1,6.1,51,0,0.2,11.1,1.2,1.9,64.9,1.6,2.2,3.8,0.7,0.5,1,0.5,0.3,2,1.8,7.7
240,K. PREPELICKLEMEN PREPELIC,"UOL, RMB, VBC",90,22,17,8.3,0.9,1.8,51.9,1.4,4.1,34.8,2.2,2.4,88.6,0.2,0.9,1.1,2.6,0.4,1.3,0.1,0.2,1.9,2.5,7.7
241,M. BEGICMIRZA BEGIC,"LJU, ZAL, RMD, OLY, LBO",125,64,15,6.1,2.3,4.2,55.4,0,0,0,1.4,2.1,66.5,1.4,2.4,3.8,0.3,0.3,1,1.3,0.3,2.2,1.9,7.7
242,S. BARACSTANKO BARAC,"CLA, EFS, EA7",108,43,16,6.9,2.7,4.9,55,0.1,0.2,35,1.4,2,68.3,1.4,2.6,4,0.6,0.3,1.2,0.7,0.3,2.4,2,7.7
243,K. MITOGLOUKONSTANTINOS MITOGLOU,"AXM, PAO",106,39,15,6.6,2.2,3.8,57.6,0.4,1.3,27.5,1.1,1.5,70.6,1.7,2.3,4,0.7,0.6,0.8,0.2,0.3,1.7,1.4,7.7
244,B. NACHBARBOSTJAN NACHBAR,"TRE, EFS, UNK, BRO, FCB",147,40,18,8.7,2,4.1,49.3,0.9,2.5,37.7,1.8,2.3,78.8,0.4,2.3,2.7,0.9,0.5,1,0.2,0.2,2.4,2.5,7.7
245,M. ANDERSENMICHAEL ANDERSEN,"PER, PRO",57,22,18,7.4,3,5.2,58,0,0.1,25,1.4,2.3,58.3,1.5,2.5,4,0.5,0.6,1.4,0.3,0.2,2.7,2.4,7.7
246,V. SCEPANOVICVLADO SCEPANOVIC,"FOR, PAR, PAO, BRO",70,33,21,9.6,1.4,2.8,50.5,1.5,3.4,43,2.4,2.9,82.2,0.3,0.9,1.2,1.1,0.6,1.5,0,0.1,1.8,2.4,7.7
247,S. GIFFASACHA GIFFA,"ASV, SIG",47,26,21,7.4,1.6,3.6,43.3,0.8,1.8,43.5,1.9,2.2,85.6,1.3,2.5,3.8,1.2,0.6,1.6,0.4,0.2,2.6,2,7.7
248,M. LOMAODO LO,"BRO, BAY, BER, EA7",199,100,19,9,1.8,3.6,48.5,1.4,3.6,39.5,1.2,1.5,81.7,0.2,1.4,1.6,2.6,0.6,1.6,0.1,0.5,1.7,2,7.7
249,J. GOLEMACJURICA GOLEMAC,"LJU, EFS, CIB, PAO",72,33,20,8.2,2.4,4.5,53.4,0.6,1.7,34.4,1.6,2.4,67.1,1.2,2.5,3.7,1.7,0.7,2,0.3,0.3,3.1,2.6,7.7
250,L. DATOMELUIGI DATOME,"MPS, ROM, FNB, EA7",273,126,20,8.3,1.7,3.3,50.3,1.3,3,43.9,1.1,1.2,90.8,0.8,2.4,3.2,0.9,0.5,0.9,0.2,0.2,2.2,1.4,7.8
251,D. KECMANDUSAN KECMAN,"EFS, PAO, PAR",151,88,22,7.8,1.7,3,56.5,0.9,2.5,35.3,1.7,2.1,80.2,1.1,2.3,3.4,1.4,0.9,1.5,0.2,0.2,2.9,2.1,7.8
252,M. KUZMINSKASMINDAUGAS KUZMINSKAS,"ZAL, UNI, AXM, OLY, ZEN",186,79,16,7.7,2,3.8,53.7,0.7,2,35.7,1.5,1.8,79.9,1.3,1.6,2.8,0.7,0.5,0.9,0.2,0.4,1.3,1.9,7.8
253,K. PEROVICKOSTA PEROVIC,"PAR, FCB, UNI",124,63,17,6.5,2.4,4.8,49.7,0,0,0,1.7,2.5,68.7,1.4,2.3,3.7,0.6,0.7,1,0.7,0.2,2.5,2.6,7.8
254,R. LOPEZRAUL LOPEZ,"RMD, KHI, BIL",95,39,19,7,1.1,2.4,44.8,1.1,2.9,38.5,1.5,1.7,87.8,0.4,1.5,1.9,2.8,1.1,1.5,0,0.1,2,2,7.8
255,S. SCHORTSANITISSOFOKLIS SCHORTSANITIS,"OLY, PAN, MAC, CZT",197,105,14,8.4,3.1,5.2,59.3,0,0,0,2.2,3.7,58.3,1.1,1.7,2.8,0.8,0.6,1.9,0.4,0.5,2.7,3.7,7.8
256,N. DEDOVICNIHAD DEDOVIC,"FCB, ROM, ALB, BAY",157,115,21,8.5,2.3,4.5,51.1,0.8,2.7,31.7,1.4,1.7,80.2,0.6,2,2.5,2.1,0.9,1.6,0.1,0.3,2,2,7.8
257,E. BRYANTELIJAH BRYANT,"MTA, EFS",132,78,21,7.9,2,3.8,53.3,1,2.5,38.7,0.9,1.1,83.2,0.6,2.6,3.2,1.7,0.8,1.3,0.2,0.3,2.3,1.5,7.9
258,J. STRELNIEKSJANIS STRELNIEKS,"BUD, BRO, OLY, CSK, ZAL",180,55,20,7.9,1.4,2.7,53,1.2,3,41,1.3,1.5,89.1,0.2,1.4,1.6,2.3,0.6,1,0,0.1,1.8,1.5,7.9
259,F. VAZQUEZFRAN VAZQUEZ,"FCB, UNI",254,94,16,6.5,2.7,4.5,60.1,0,0,0,1,1.4,72.3,1.3,2.3,3.6,0.6,0.4,0.7,1,0.1,2.5,1.3,7.9
260,S. ERDOGANSERKAN ERDOGAN,"ULK, EFS, BKN",109,38,21,10.3,1.8,3.8,47,1.6,4.2,39.2,1.8,2.4,77,0.3,1.3,1.6,1.3,0.7,1.2,0,0.2,1.9,2.4,7.9
261,M. HAIRSTONMALIK HAIRSTON,"MPS, EAM, GSL",59,43,25,10.1,3.2,6.6,47.9,0.7,1.7,39.8,1.8,2.5,71.1,1.4,1.4,2.8,1.5,0.4,1.4,0.3,0.7,2.4,2.5,7.9
262,N. WEILER-BABBNICK WEILER-BABB,BAY,94,55,25,6.8,1.3,3.1,43.2,1,3.1,32.4,1.1,1.3,81.8,1,2.6,3.6,2.3,1,1.1,0.2,0.2,2.4,1.7,7.9
263,L. ANGULOLUCIO ANGULO,RMD,47,35,21,7.7,1.9,3.4,54.7,0.5,1.5,33.3,2.5,3,83.6,0.6,1.7,2.4,1.3,1.4,1.7,0.2,0.1,2.8,2.6,7.9
264,V. CLAVERVICTOR CLAVER,"LOK, FCB, VBC",194,126,20,6.1,1.4,2.4,55.6,0.8,2,38.6,1,1.2,81.4,0.9,2.7,3.6,1.2,0.8,0.9,0.3,0.1,1.8,1.5,7.9
265,N. CHATZISNIKOLAOS CHATZIS,"AEK, OLY",101,24,21,9.4,1.6,3.6,43.7,1.3,3.4,37.4,2.3,2.9,82,0.4,1.5,1.9,1.3,0.6,1,0,0.1,2,2.5,8
266,M. ROCCAMASON ROCCA,"NAP, MIL",60,20,19,7.3,2.7,5,54.7,0,0,0,1.9,3.2,57.9,2.2,2.7,4.9,0.3,0.8,1.1,0.1,0.5,3.3,3.2,8
267,D. THOMASDESHAUN THOMAS,"NAN, FCB, EFS, MTA, PAO, BAY, EA7",219,94,20,9.3,2.5,4.8,52.1,1.1,2.9,37,1.1,1.6,72.8,1,1.9,2.9,0.6,0.4,0.8,0.1,0.2,1.3,1.5,8
268,C. JACOBSENCASEY JACOBSEN,"BKN, BER, BRO",95,91,27,8.5,1.1,2.4,46.9,1.6,3.9,40.9,1.4,1.8,79.2,0.5,2,2.4,1.7,0.7,1.4,0.1,0.3,1.9,2.3,8
269,M. ERIKSSONMARCUS ERIKSSON,"FCB, HGC, BER",111,51,19,9.3,1.1,2.3,49.8,2,4.6,43.1,1,1.2,90.6,0.3,1.3,1.6,0.7,0.5,0.7,0.1,0.1,1.2,1.8,8.1
270,L. MITROVICLUKA MITROVIC,"BRO, CZV",142,78,18,6.6,2.4,4.2,57.7,0.1,0.7,20.8,1.3,1.9,67.4,1.4,2.5,3.9,1.6,0.5,1.3,0.2,0.3,1.9,1.9,8.1
271,D. VUKCEVICDUSAN VUKCEVIC,"RMD, MPS, OLY, ULK, MIL",113,45,21,9.7,1.8,3.5,50.6,1.5,3.9,37.9,1.7,2.1,79.7,0.2,1.6,1.8,1.4,1,1.4,0.2,0.2,1.7,1.9,8.1
272,J. TRIASJORDI TRIAS,FCB,100,38,15,5.2,2.1,3.3,63.6,0.1,0.3,27.6,0.8,1.4,58.5,1.4,2.4,3.8,1.1,0.5,0.9,0.5,0.2,1.2,1.3,8.1
273,M. BJELICAMILKO BJELICA,"LIE, LBO, EFS, DDI, CZV",194,82,20,8.6,2.4,4.8,50.8,0.6,2.1,30.5,1.8,2.4,75,1.1,2.2,3.3,1.1,0.4,1.1,0.2,0.4,2.3,2.7,8.1
274,R. JAVTOKASROBERTAS JAVTOKAS,"LIE, PAO, KHI, VBC, ZAL",172,121,20,6.7,2.7,4.8,56.7,0,0.2,19.4,1.1,2.2,48.7,1.8,2.8,4.6,0.7,0.4,1.3,0.8,0.2,2.4,2.2,8.1
275,M. TUSEKMARKO TUSEK,"PES, ROM, UNI, AVE",59,27,23,9.2,2.1,4.3,48.4,1.1,3.3,34.4,1.5,2.2,70.5,1.6,2.3,4,0.7,0.6,1.1,0.1,0.2,1.9,1.9,8.2
276,A. HERVELLEAXEL HERVELLE,"RMD, BIL",99,47,20,7.4,1.9,3.5,53.3,0.8,2.1,40.1,1.2,1.7,68,1.9,2.7,4.7,0.8,0.8,1.2,0.4,0.3,2.7,1.7,8.2
277,A. HANGAADAM HANGA,"LBO, FCB, RMB, CZV",256,169,20,6.9,1.8,3.4,52.5,0.7,2.4,31.4,1.1,1.6,69.6,0.7,2.6,3.3,2,0.9,1.1,0.5,0.2,2.2,2,8.3
278,N. LAPROVITTOLANICOLAS LAPROVITTOLA,"BKN, RMB, BAR",149,81,18,7.8,1.1,2.1,49.7,1.4,3.8,38.6,1.4,1.6,86.7,0.4,1.4,1.7,3.6,0.6,1.7,0,0.2,2.3,2.4,8.3
279,G. SHERMADINIGIORGI SHERMADINI,"UOL, PAO, CTU, MAC, OLY, UNI",103,28,13,6.5,2,3.6,56.7,0,0.1,0,2.4,3.1,77.8,1.3,2.1,3.4,0.4,0.3,1,0.6,0.4,2,2.9,8.3
280,J. PARGOJEREMY PARGO,"CSK, MTA",87,58,24,9.8,2.7,5.6,47.7,0.9,3.2,29.3,1.6,2.3,69.8,0.4,2,2.4,3.5,0.5,2.1,0.1,0.5,2.1,2.6,8.4
281,I. KUTLUAYIBRAHIM KUTLUAY,"AEK, PAO, ULK",121,83,27,11.7,1.8,3.7,47.4,1.9,5.1,36.8,2.5,3.4,74.9,0.4,1.9,2.2,1.2,0.9,1.8,0,0.3,2.5,3.1,8.4
282,N. JAWAINATE JAWAI,"PAR, UNK, FCB, GSL",69,23,16,7.4,2.8,4.7,58.6,0,0,0,1.9,2.6,71.8,1.5,2.9,4.4,0.5,0.4,1.7,0.6,0.4,2.3,2.3,8.4
283,L. ZORICLUKA ZORIC,"LJU, CIB, UNI, FBU, CED",109,45,17,8.3,3.3,6.1,53.7,0,0,0,1.7,2.3,74.2,1.4,2.4,3.8,0.5,0.3,1.3,0.6,0.4,2.6,2.7,8.4
284,D. SALENGADAINIUS SALENGA,"ZAL, BUD",136,91,25,8.6,2.1,4,53.5,1,3.1,31.9,1.3,1.8,74,0.8,1.7,2.5,1.7,1,1.2,0.2,0.3,1.7,2,8.4
285,N. HAYES-DAVISNIGEL HAYES-DAVIS,"ZAL, BAR, FBB",138,96,24,7.6,1.6,3.4,48.3,1,2.7,38.3,1.3,1.6,79.2,1.1,2.3,3.5,1.1,0.8,0.7,0.2,0.3,1.9,1.9,8.5
286,M. NIELSENMATT NIELSEN,"LIE, OLY, KHI",61,37,19,7.4,2.3,4.4,50.9,0.3,1.1,26.1,2,2.7,72.9,1,2.8,3.7,1.4,0.7,1.5,0.3,0.1,2.4,2.6,8.5
287,C. JIMENEZCARLOS JIMENEZ,"EST, UNI",118,92,21,6,1.1,2.2,49,0.8,1.9,39.2,1.6,2.1,76.9,1,3.7,4.7,1.2,1.1,1.3,0.3,0.2,2.7,2.2,8.5
288,D. BAGARICDALIBOR BAGARIC,"OLY, FOR, CIB",68,50,17,6.5,2.6,4.5,57.6,0,0.1,25,1.4,2.2,60.5,1.2,3.3,4.5,0.7,0.9,1.6,0.8,0.2,2.5,2.2,8.5
289,S. RIMACSLAVEN RIMAC,"CIB, AEK, BAY",49,40,23,10.9,2.6,5.5,46.7,1.3,3,43.4,1.9,2.3,81.7,0.5,1.8,2.2,1.5,0.6,1.8,0.1,0.2,2.1,2.4,8.5
290,A. MUHAMMEDALI MUHAMMED,"ASV, FNB",166,89,19,8.9,1.3,2.5,49.6,1.8,4.5,41.2,0.9,1,87.3,0.4,1.7,2.1,2.4,0.7,1.4,0,0.2,1.8,1.8,8.5
291,A. WHITEAARON WHITE,"ZAL, AXM, PAO, CZV",136,54,21,7.2,1.9,3.4,56.4,0.6,1.6,34.6,1.6,2.1,78.9,1.1,2.7,3.8,0.9,0.5,0.8,0.2,0.3,1.8,2,8.6
292,J. SMITHJALEEN SMITH,"BER, VIR",65,44,22,9.8,1.6,3.6,44,1.8,5.1,34.8,1.2,1.4,87.1,0.6,1.8,2.4,2.4,0.8,1.5,0.1,0.3,1.8,2.1,8.6
293,E. PRELDZICEMIR PRELDZIC,"FBU, DDI, GSO",190,60,21,6.7,1.6,3.3,48.8,0.7,2.3,30.3,1.4,2.1,68.9,0.7,2.3,3.1,2.9,0.7,1.4,0.1,0.2,1.8,2.4,8.6
294,M. ZIRBESMAIK ZIRBES,"BRO, MTA, CZV",110,60,17,8.1,3.2,5.4,59.4,0,0,0,1.7,2.3,71.1,1.9,2.4,4.3,0.5,0.6,1.4,0.4,0.5,2.5,2.1,8.6
295,D. MIDDLETONDARRYL MIDDLETON,"PAO, CSK",66,49,22,8.5,3.2,5.2,61.5,0,0,0,2.2,3.1,70,1.5,1.7,3.1,0.6,0.9,1.5,0.1,0.2,3.2,3.2,8.6
296,M. BANICMARKO BANIC,"ZAD, BIL, ALB, UNK",67,24,19,8.6,3.6,5.6,63.3,0,0.1,20,1.5,1.8,82.5,1.1,1.6,2.8,0.6,0.3,1.1,0.2,0.3,1.9,1.9,8.6
297,K. GONLUMKEREM GONLUM,"ULK, EFS, GSL, KSK",242,83,19,6.3,2.4,4.2,58.2,0,0.2,21.4,1.3,2.1,63,1.7,3.2,4.9,0.6,0.6,1.1,0.2,0.3,2.1,2.1,8.6
298,E. GREENERICK GREEN,"MPS, OLY, VBC, FNB",102,48,19,10.1,2.3,4.8,48.5,1.2,3,40.1,1.8,2.1,86.7,0.2,1.3,1.5,1.1,0.6,0.7,0.1,0.2,1.3,2,8.6
299,J. GISTJAMES GIST,"PAR, FBU, UNI, PAO, CZV, BAY, ASV",297,195,23,8.4,2.7,5,53.7,0.5,1.6,31.7,1.5,2.3,64.8,1.5,2.6,4.1,1,0.8,1.4,0.6,0.4,2.5,2.2,8.6
300,S. MCKISSICSHAQUIELLE MCKISSIC,OLY,115,22,19,8.9,2.2,3.7,58.7,0.9,2.8,31.3,1.9,2.7,70.2,0.4,1.4,1.8,1.7,1.1,1,0.1,0.2,1.6,2.2,8.6
301,K. PAPANIKOLAOUKOSTAS PAPANIKOLAOU,"FCB, OLY",321,278,22,7.2,1.4,2.5,55.8,1.1,2.9,37.6,1.1,1.5,73.1,0.9,2.9,3.7,1.6,0.8,1.2,0.3,0.2,1.9,1.6,8.6
302,T. MASIULISTOMAS MASIULIS,"PRO, ZAL, FCB",85,74,22,5.8,2,3.4,58.2,0.3,1.1,30.8,0.8,1.8,47.3,1.7,3.2,4.9,1.4,1,1.5,0.5,0.1,2.4,2.1,8.6
303,P. LEEPARIS LEE,"ASM, PAO, ASV",70,27,23,9.1,1.4,3.1,45,1.5,4.4,34.2,1.7,2.1,82.9,0.2,1.5,1.7,3.2,1.3,1.5,0,0.2,2.3,2.5,8.7
304,S. JOVICSTEFAN JOVIC,"CZV, BAY, KHI, PAO, VBC",128,83,21,6.5,1.7,3.5,49.4,0.8,2,38.6,0.7,1.1,68.3,0.4,1.9,2.3,4.5,1.2,1.7,0.1,0.2,2.3,1.6,8.7
305,A. ZIZICANDRIJA ZIZIC,"FCB, CIB, OLY, PAO, MAC",107,67,19,9,3.3,6.1,54.5,0,0.1,37.5,2.2,3,73.3,1.7,2.7,4.3,0.6,0.4,1.4,0.1,0.5,3,2.9,8.7
306,D. BARTHELDANILO BARTHEL,"BAY, FNB",94,71,22,7.2,2,3.6,56.9,0.6,1.6,36.4,1.4,1.8,78.2,0.9,2.6,3.5,1.5,0.4,1.2,0.2,0.4,1.9,2.5,8.7
307,M. HEZONJAMARIO HEZONJA,"FCB, PAO, UNK, RMB",111,44,19,9.8,1.9,3.7,51.8,1.5,3.9,39,1.4,1.7,77.8,0.3,2.8,3.1,1.1,0.8,1.4,0.2,0.2,2,1.9,8.7
308,N. KALINICNIKOLA KALINIC,"FNB, VBC, CZV, BAR",271,168,24,8.2,2.2,4.1,53.9,0.7,2.2,33.5,1.5,2,75,0.8,2.4,3.2,2,0.7,1.6,0.2,0.3,2.2,2.4,8.8
309,M. HUERTASMARCELINHO HUERTAS,"CJB, FCB, KBA",228,127,20,7.7,2,4,49.8,0.8,2.3,37.1,1.2,1.4,87.7,0.4,1.5,1.9,3.9,0.6,1.9,0,0.3,1.6,2,8.8
310,R. DUENASROBERTO DUENAS,"FCB, CJB",84,44,18,7.2,3,5.3,55.7,0,0,0,1.3,2.1,61.9,2.3,3.2,5.6,0.5,0.5,1.7,0.5,0.2,2.5,2,8.8
311,A. POYTHRESSALEX POYTHRESS,"ZEN, MTA, EA7",72,25,19,8.1,3.3,5.4,61.7,0,0.3,14.3,1.3,1.9,68.8,1.6,2.5,4.1,0.7,0.6,1.2,0.6,0.4,2.7,1.8,8.8
312,M. TOBEYMIKE TOBEY,"VBC, BAR, CZV",86,23,16,7.8,2.4,3.7,66.3,0.7,1.9,37.4,0.8,1,78.7,1.4,2.6,4.1,0.6,0.3,0.7,0.3,0.2,2,1.1,8.8
313,J. BROWNJOHN BROWN,"UNK, ASM",67,60,25,7.3,3,6,50.2,0.1,0.3,21.7,1,1.6,63.3,2,1.9,3.9,1,1.8,0.8,0.2,0.2,2.6,2.1,8.8
314,T. RANNIKKOTEEMU RANNIKKO,"PES, UOL",55,31,24,8.6,0.9,1.8,49.5,1.5,4.3,34.5,2.4,2.9,83.6,0.3,1.2,1.4,2.3,1,1.3,0,0.1,2.5,3.5,8.8
315,B. LAMMERSBEN LAMMERS,BER,81,53,18,7.8,3.2,5.8,54.7,0.2,0.8,30.6,0.8,0.9,86.3,1.1,2.2,3.4,0.8,0.7,0.6,1,0.2,1.6,0.8,8.8
316,M. WILLIAMSMARCUS WILLIAMS,"UNI, LOK, CZT",75,38,23,9,1.4,4,36,1.5,4.9,31.4,1.5,2,72.4,0.4,2.2,2.7,4.4,0.6,2,0,0.3,1.3,2.2,8.8
317,C. KORNEGAYCHARLES KORNEGAY,UNI,48,40,21,6.6,2.5,4.5,56,0,0,0,1.5,2.2,69.2,1.8,3.1,5,0.5,0.4,1.6,1.1,0.2,2.5,2.2,8.9
318,B. POPOVICBOJAN POPOVIC,"DYN, UNI, EFS, LIE",58,36,22,7.6,1.5,3.3,44.8,0.6,2.1,26.7,3,3.5,84.3,0.4,1.9,2.3,2.3,1.3,1.9,0.1,0.5,2.3,3.9,8.9
319,L. BARTONLUBOS BARTON,"FOR, ROM, CJB, FCB",69,38,20,8.1,1.9,3.3,57.4,1,3.1,33.6,1.1,1.4,80.2,1.4,2.5,3.9,0.8,1,0.8,0.3,0.2,1.8,1.4,8.9
320,O. COOKOMAR COOK,"UNI, VBC, EAM, CLA, LRY",105,88,26,6.7,0.8,2.1,37.4,1.3,3.6,37.2,1.2,1.6,73.8,0.3,1.6,1.9,5.2,1.3,1.8,0,0.2,2.3,2,8.9
321,V. PRASKEVICIUSVIRGINIJUS PRASKEVICIUS,"OOS, ULK",56,38,24,9.9,2.4,4.9,49.1,1.3,3.1,40.3,1.3,1.9,67.6,1.2,3.1,4.4,1.1,0.8,1.4,0.2,0.2,2.8,1.9,8.9
322,E. ZUKAUSKASEURELIJUS ZUKAUSKAS,"FOR, ULK, OLY, ZAL",59,48,19,6.4,2.4,4.5,54,0,0,100,1.5,3,50.8,1.7,3.2,4.9,0.7,0.7,1.3,1.3,0.4,2.6,2.8,8.9
323,A. MARICALEKS MARIC,"PAR, PAO, LOK, MAC, GSL",86,32,14,6.3,2.2,3.7,60.6,0,0,0,1.8,2.9,62.5,1.5,2.6,4.1,0.7,0.7,1.3,0.4,0.3,2.1,3.1,8.9
324,L. VILDOZALUCA VILDOZA,"TDS, CZV, PAO",136,69,21,9,1.5,3.3,46.7,1.5,4.2,36.5,1.4,1.6,85,0.3,1.7,2,3.4,1.2,2,0.1,0.2,2.1,2.2,8.9
325,G. BASILEGIANLUCA BASILE,"FOR, FCB, CTU, EAM",223,129,25,9.7,1.3,2.7,48.7,1.9,5.2,36.6,1.4,1.8,81.1,0.4,2.1,2.5,2.1,1.2,1.3,0.1,0.2,2.2,2,8.9
326,T. DORSEYTYLER DORSEY,"MTA, OLY, FBB",114,52,21,11.2,1.9,4.1,46.8,1.8,4.8,38.1,1.9,2.5,76.1,0.4,1.9,2.4,1.7,0.6,1.7,0.1,0.5,2,2.9,8.9
327,Y. FALLYOUSSOUPHA FALL,"TDS, ASV",123,58,14,7,2.8,4.2,65.9,0,0,0,1.5,2.2,66.1,1.9,2.6,4.5,0.3,0.3,1.3,0.5,0.1,2.4,2.4,9
328,E. RENTZIASEFTHYMIOS RENTZIAS,"FCB, ULK, MPS",65,17,18,8.7,2.6,4.6,57.3,0.7,2.2,33.3,1.3,1.8,70.1,1.4,2.6,3.9,0.5,0.6,1,0.7,0.2,2,1.7,9
329,C. JERRELLSCURTIS JERRELLS,"PAR, FBU, BJK, UNK, EA7",133,40,22,9.7,2.1,4.2,48.5,1.4,4,35.3,1.4,1.8,77.7,0.3,1.7,2,2.4,0.7,1.5,0.1,0.3,1.5,2.5,9
330,S. RISACHERSTEPHANE RISACHER,"OLY, UNI",96,58,21,9.4,2.3,4.1,56.2,1,2.5,40.3,1.8,2.2,78.5,0.7,2.2,2.8,0.9,0.6,1.3,0.3,0.2,2,2.2,9
331,M. LAMPEMACIEJ LAMPE,"RMD, MAC, CLA, FCB",86,37,17,8.8,3,6,50.2,0.4,1.2,30.8,1.7,2.2,77.7,1.5,2.8,4.3,0.7,0.3,0.9,0.4,0.2,1.9,1.8,9
332,J. WELSCHJIRI WELSCH,"LJU, UNI, CHA",121,82,24,9,2.3,4.7,48.4,0.7,2.1,34.7,2.2,3.1,71,0.8,2.2,3,1.7,1.1,1.8,0.1,0.3,2.2,3.2,9
333,R. BEAUBOISRODRIGUE BEAUBOIS,"SIG, BKN, EFS",238,141,21,10.6,2.2,4.2,52.9,1.7,4.1,41.8,1,1.1,85.5,0.2,1.6,1.8,1.9,0.7,1.1,0.4,0.2,2,1.5,9
334,N. WOLTERSNATE WOLTERS,"ZAL, MTA, CZV, PAO",124,79,20,9.2,3,5.6,52.9,0.8,2.3,35.7,0.8,1.2,68.7,0.3,2,2.4,3.1,0.7,1.2,0.1,0.4,2,1.7,9
335,R. CHIACIGROBERTO CHIACIG,"MPS, VIR, ROM",94,68,18,7.9,2.8,5.6,51.1,0,0,0,2.2,3.7,58.6,1.9,2.7,4.6,0.4,0.9,1.4,0.5,0.5,2.3,3.1,9
336,J. HOLDENJR HOLDEN,"AEK, CSK",209,183,31,11.4,2.2,5.2,42.8,1.8,5.4,33.5,1.5,2.3,67.4,0.4,1.7,2.1,2.9,1.2,1.7,0,0.3,1.7,2.5,9
337,H. BESOKHUSEYIN BESOK,"MAC, ASV, PRO",70,39,17,8.4,3.2,6.7,47.4,0.1,0.3,42.1,1.7,2.6,64.3,1.4,3.2,4.6,1.2,0.5,1.2,0.4,0.3,2.5,2.6,9.1
338,L. FOIRESTLAURENT FOIREST,"BKN, PAU, ASV",90,58,25,10.3,1.5,3.6,42.2,1.7,4.2,41.5,2.1,2.6,79.9,0.3,2.7,2.9,1.3,1.1,1.6,0.1,0.2,2.9,3,9.1
339,L. PAPADOPOULOSLAZAROS PAPADOPOULOS,"PAO, DYN, RMD, OLY",90,49,18,7.2,2.8,5.1,54.8,0,0,0,1.6,2.6,62.1,1.4,2.6,3.9,1.2,0.6,1.6,0.4,0.2,2.3,3,9.1
340,J. THIEMANNJOHANNES THIEMANN,"BRO, BER",99,26,17,7.4,2.1,4.1,52.5,0.5,1.6,33.3,1.5,2.1,74.6,1.4,2.4,3.7,1.4,0.6,1.2,0,0.4,1.6,2.8,9.2
341,M. GUDURICMARKO GUDURIC,"CZV, FNB",213,76,20,9.4,1.7,3,56,1.4,3.5,39.8,1.8,2.2,83.5,0.4,1.7,2.1,2.3,0.8,1.6,0.1,0.2,2.3,2.4,9.2
342,A. BETTSANDY BETTS,"AEK, BKN, CJB",98,76,22,8.3,3,5.8,52.5,0,0,0,2.3,3.5,64.9,1.9,3.1,5,0.6,0.4,1.7,0.5,0.2,3.1,3.3,9.2
343,B. NDONGBONIFACE NDONG,"FCB, UNI",96,37,16,7.9,3.1,5.3,57.7,0,0,33.3,1.8,2.6,68.8,1.4,2.5,3.9,0.3,0.4,1.1,1,0.2,2.1,2.1,9.2
344,D. MARCONATODENIS MARCONATO,"TRE, FCB, MPS, CTU, DSS",196,141,19,6.6,2.7,4.3,61.3,0,0.1,27.8,1.2,1.7,73.3,1.5,3.5,4.9,0.7,0.7,1,0.7,0.1,2.7,1.5,9.2
345,R. RUBIORICKY RUBIO,"CJB, FCB",63,41,20,5.5,0.9,2.2,39.7,0.5,2,27.6,2.1,2.6,83.2,0.7,2.1,2.8,3.5,2,2,0,0.1,2.2,2.9,9.2
346,D. MALLETDEMOND MALLET,"BRO, COL, CJB, CHA, MAC",71,57,27,12.3,2.3,4.3,52.8,2.1,5.7,36.8,1.5,2,76.8,0.3,1.6,2,2.4,1.1,1.8,0,0.3,2.5,2.2,9.2
347,A. POLONARAACHILLE POLONARA,"TDS, FBB, EFS, ZAL, VIR",126,42,20,6.7,1.5,2.8,55.1,0.9,2.6,35.9,0.8,1.3,61.7,1.3,3,4.3,1.1,0.7,0.5,0.6,0.2,1.5,1.5,9.2
348,F. HOUSEFRED HOUSE,"PAR, LIE, BKN",62,59,27,10.5,2.6,5.8,44.9,0.9,3.7,25.1,2.5,3.5,70.5,1.5,2.6,4.2,1.4,2.5,2,0.2,0.5,3,3,9.2
349,D. LIGHTYDAVID LIGHTY,"CTU, NAN, ASV",111,65,23,9.6,2.7,5.2,51.5,0.9,2.4,38.5,1.5,2,76.7,0.7,1.9,2.6,1.7,0.8,1.4,0.1,0.3,2,2.5,9.2
350,E. ULANOVASEDGARAS ULANOVAS,"FNB, ZAL",273,225,25,7.4,1.8,3.7,48.4,0.7,1.8,37.7,1.8,2.2,82.2,1.2,2.2,3.4,1.8,0.6,1.3,0.2,0.2,1.9,2.7,9.3
351,G. JURAKGORAN JURAK,"OLY, LJU, ZAL",61,35,21,8.6,2.8,5.4,52.6,0.3,1,29.3,2.1,3.6,58.5,1.8,3.2,5.1,1.1,1,1.8,0.1,0.5,3.5,3.9,9.3
352,C. SINGLETONCHRIS SINGLETON,"LOK, PAO, FCB, EFS",251,165,23,7.7,1.4,3,44.8,1.1,2.8,39.5,1.7,2.2,77,1.1,3.2,4.3,0.8,1,1,0.5,0.2,2.6,2.5,9.3
353,M. BADERMARTON BADER,"MES, CIB",44,37,23,7.5,2.4,4.5,53.5,0.2,0.6,32,2.1,3,70,2.2,3.6,5.8,0.6,0.5,1.2,0.6,0.4,3.2,2.6,9.4
354,J. NUNNALLYJAMES NUNNALLY,"AXM, FNB, MTA, PAR",152,73,22,9.4,1.8,3.5,51.5,1.4,3.1,44.2,1.6,1.8,89.9,0.5,1.9,2.5,1.8,0.5,1.2,0.2,0.3,1.7,1.7,9.4
355,D. NICHOLASDREW NICHOLAS,"TRE, EFS, PAO, EA7, CSK",130,95,28,11.8,1.9,4.1,46.3,2.1,5.4,39.1,1.6,2.1,73.7,0.2,1.8,2,2.3,0.8,1.5,0.1,0.2,2,2.3,9.4
356,M. LOJESKIMATT LOJESKI,"OLY, PAO",143,49,21,8.7,1.9,3.4,56.2,1.3,3,42.6,1,1.3,79,0.7,2.5,3.1,1.5,0.5,0.9,0.2,0.2,1.5,1.5,9.4
357,S. LLULLSERGIO LLULL,RMD,375,214,22,9.9,1.7,3.6,47.1,1.6,4.7,33.4,1.8,2.2,82,0.3,1.3,1.6,3.5,0.6,1.3,0.1,0.2,1.9,2.5,9.4
358,A. MOERMANADRIEN MOERMAN,"ORL, SLU, LIM, DDI, FCB, EFS, ASM",239,154,22,8,2,3.6,54.1,1.1,3.2,35.1,0.7,1,73,1.2,3.8,5,0.9,0.7,0.9,0.3,0.1,1.8,1.4,9.4
359,T. THOMPKINSTREY THOMPKINS,"NIZ, RMB",188,59,19,9.2,2.1,3.8,54.1,1.4,3.2,42.1,1,1.2,88.1,0.7,3.5,4.2,0.9,0.5,0.9,0.3,0.2,2,1.2,9.4
360,S. JAMESSHAWN JAMES,"MAC, EA7, OLY",74,30,16,7.1,2.9,4.7,61.4,0,0.1,12.5,1.2,1.8,66.4,1.6,2.5,4.1,0.7,0.6,0.9,1.3,0.5,2.3,1.9,9.4
361,A. FOTSISANTONIS FOTSIS,"RMD, DYN, EAM, PAO",250,134,22,7.7,1.4,2.5,57.7,1.2,3,40.8,1.2,1.5,77.7,1.3,3.1,4.5,0.7,0.6,0.8,0.4,0.1,1.7,1.4,9.5
362,J. FREELANDJOEL FREELAND,"UNI, CSK",70,42,18,9,3.6,6.3,57.2,0.2,0.7,23.9,1.4,2.1,65.8,1.4,3.4,4.8,0.6,0.4,1,0.3,0.5,2.1,1.9,9.5
363,R. STELMAHERSROBERTS STELMAHERS,"ULK, LJU, LIE",71,51,25,9.1,1.7,3.7,46.2,1.1,3.2,33.2,2.5,3.1,81.7,0.3,1.8,2.1,2.5,1,1.2,0,0.2,2.5,3.4,9.5
364,D. HACKETTDANIEL HACKETT,"MPS, EA7, OLY, BRO, CSK, VIR",276,157,22,8.2,1.8,3.7,47.1,0.9,2.5,37.2,1.9,2.5,77.3,0.3,2.2,2.5,2.9,0.8,1.4,0,0.3,2.7,3.5,9.5
365,D. LOGANDAVID LOGAN,"PRO, CLA, PAO, MAC, DSS",120,68,26,11.5,2.5,5.1,49,1.8,5,36,1.2,1.7,70.5,0.3,1.7,2,2.2,1.5,1.8,0.2,0.4,1.5,2.2,9.5
366,T. PLEISSTIBOR PLEISS,"COL, BRO, LBO, FCB, GSO, VBC, EFS",314,155,16,8,3.1,5.2,59.3,0.2,0.6,38,1.2,1.4,84.1,1.4,2.8,4.2,0.4,0.3,0.9,0.7,0.3,1.9,1.6,9.5
367,J. EVANSJEREMY EVANS,"DTI, KHI, AXM, PAO",91,40,19,7.1,2.4,3.8,63.4,0.4,1.1,40.8,0.9,1.3,71.2,1.5,2.7,4.2,0.5,0.5,0.8,0.7,0.1,1.6,1.5,9.6
368,S. JASIKEVICIUSSARAS JASIKEVICIUS,"MAC, FBU, LIE, PAO, ZAL, FCB",226,97,21,10.4,1.9,3.7,50.9,1.4,3.5,39.4,2.4,2.6,92.3,0.3,1.3,1.6,3.3,0.6,2.3,0,0.2,2.1,2.4,9.6
369,H. DOMERCANTHENRY DOMERCANT,"EFS, OLY, MPS, UNK, GSL",149,95,24,11,1.9,4.4,43.2,1.7,4.1,42.2,1.9,2.3,82.2,0.5,2.1,2.6,1.1,1,1.3,0.1,0.2,2,2.7,9.6
370,P. PRIGIONIPABLO PRIGIONI,"RMD, CLA",186,111,24,6.1,0.7,1.1,61.1,1.2,3.4,35.5,1.1,1.3,83.1,0.6,1.8,2.5,4.3,1.7,1.6,0,0.1,2.1,1.6,9.6
371,T. WALKUPTHOMAS WALKUP,"ZAL, OLY",175,152,22,7.3,1.8,3.5,52,0.9,2.6,35.3,0.9,1.1,82.8,0.6,2.2,2.8,4.1,1.1,1.7,0.1,0.2,2.5,2.1,9.6
372,E. BATISTAESTEBAN BATISTA,"MAC, CLA, EFS, PAO",85,38,18,8.4,3.4,6,56.2,0,0,50,1.6,2.3,68.2,1.8,3.1,4.9,0.8,0.8,2,0.3,0.5,2.4,2.6,9.6
373,A. TYUSALEX TYUS,"CTU, EFS, GSO, MTA, RMB, ASV",221,45,17,7.2,3.1,4.9,63.9,0,0,0,0.9,1.7,53.4,1.7,2.7,4.4,0.3,0.4,0.8,1.1,0.2,1.6,1.5,9.6
374,V. KHRYAPAVICTOR KHRYAPA,CSK,240,156,19,6,1.5,2.6,56.1,0.7,1.9,37.2,1,1.3,72.8,0.8,3.7,4.5,2.3,1,1.5,0.7,0.1,2.3,1.8,9.6
375,M. TIMINSKASMINDAUGAS TIMINSKAS,"BKN, ZAL",80,46,25,8.7,2.2,4.4,49.4,0.7,2.1,33.9,2.2,2.9,78.6,1.2,3.2,4.4,1.6,1.2,1.8,0.3,0.3,3.2,3.1,9.6
376,Z. ERCEGZORAN ERCEG,"OLY, CSK, GSL",98,55,21,9.1,1.7,3.3,49.4,1.3,3.5,36.3,2,2.3,85.4,0.9,2.6,3.6,0.8,0.7,0.9,0.2,0.2,1.9,2.5,9.7
377,S. LASMESTEPHANE LASME,"PAR, MAC, EFS, PAO",141,77,21,8.1,2.9,5.5,52.6,0,0.1,25,2.2,3,72.9,1.7,3.1,4.8,0.7,0.7,1.6,1.2,0.3,3.2,2.8,9.7
378,C. WALDENCOREY WALDEN,"CZV, BAY",84,37,21,9.7,1.3,2.7,47.2,1.5,4.1,37.6,2.5,2.9,86.1,0.3,1.5,1.8,2.4,0.9,1.6,0.1,0.3,2.8,3.9,9.7
379,H. MOTTOLAHANNO MOTTOLA,"BKN, FOR, PES, ZAL, ARI",83,56,23,11.3,3,5.7,51.6,1,2.4,40.6,2.5,3,83.3,1,2.9,3.9,0.8,0.7,1.6,0.3,0.4,3.4,2.8,9.7
380,S. SAMUELSSAMARDO SAMUELS,"EA7, FCB",74,48,20,9.3,3.3,6,54.9,0.1,0.6,25,2.4,3.4,68.5,1.6,2.3,4,0.5,0.3,1.4,0.4,0.4,2.1,3.3,9.7
381,M. BAZDARICMARINO BAZDARIC,"LJU, CIB, CED",64,37,25,10.9,1.9,3.9,49.2,1.7,4.6,36.5,2,2.4,82.7,0.5,2.9,3.3,1.4,1.1,1.5,0,0.2,2.6,2.6,9.7
382,B. BARONBILLY BARON,"CZV, ZEN, EA7",118,43,21,10.7,1.3,2.6,49.4,2.1,5.2,40.5,1.7,2,85.8,0.2,1.8,2,2,0.5,1.2,0,0.3,1.6,2.3,9.7
383,C. IVERSONCOLTON IVERSON,"LBO, KSK, MTA, ZEN",89,62,19,7.2,2.9,4.8,59.7,0,0,0,1.5,2.5,59.2,2.2,3.1,5.3,0.7,0.6,1.2,0.5,0.4,2.6,2.8,9.8
384,J. CALDERONJOSE  CALDERON,BKN,58,33,23,9,1.8,3.4,53.6,1,2.5,41.4,2.2,2.7,84.4,0.8,1.7,2.5,2.1,1.2,1.4,0.1,0.3,2.2,2.3,9.8
385,H. MUJEZINOVICHARIS MUJEZINOVIC,"LJU, CIB, PAO, LIE",68,40,22,9.8,2.8,5.4,52.2,0.6,1.8,30.9,2.4,3.7,64.9,1.8,2.9,4.7,0.9,1,1.9,0.1,0.3,3.3,4,9.8
386,A. MUMBRUALEX MUMBRU,"RMD, BIL, VBC",69,51,24,9.8,2.1,4,52.5,1.2,3.6,32.8,2,2.6,74.6,0.9,2.9,3.8,2,0.8,1.9,0.1,0.2,2.4,2.9,9.8
387,M. NICOLAMARCELO NICOLA,"TRE, MPS",87,15,20,9.8,1.3,2.3,56.4,1.8,4.6,39,1.8,2.2,80.8,0.5,3,3.5,1.6,0.9,1.4,0.4,0.2,2.6,2,9.8
388,V. MICOVVLADIMIR MICOV,"CLA, CTU, CSK, GSO, AXM",246,182,25,9.7,2.2,4.6,47,1.3,3.2,41.9,1.4,1.8,77.6,0.5,2.4,2.9,2,0.7,1.3,0.1,0.2,1.9,2.4,9.8
389,F. SAN EMETERIOFERNANDO SAN EMETERIO,"LBO, VBC",211,114,22,8.9,2,3.7,53.4,1.1,2.9,39.3,1.5,1.9,80.6,0.7,2.2,2.9,1.8,0.5,1.1,0,0.3,1.4,2.4,9.8
390,Z. PLANINICZORAN PLANINIC,"CIB, BKN, CSK, KHI, EFS",169,109,23,9.2,2.7,5.2,52.4,0.6,2.2,28.9,1.8,2.7,66.8,0.6,2.2,2.8,3.3,0.9,1.9,0.2,0.3,2.7,3.3,9.8
391,T. JEKIRITONYE JEKIRI,"ASV, TDS, UNK, FBB",111,53,19,6.7,2.8,4.9,56.9,0,0,0,1.2,1.7,66,2,3.5,5.4,1.3,0.7,1.1,0.4,0.3,2.2,1.6,9.9
392,V. EVTIMOVVASSIL EVTIMOV,"PEM, ASV, LJU, FOR",56,19,16,7.2,2.9,5.3,55.9,0,0,0,1.3,2.6,50,2.1,3.6,5.7,1.1,1,1.3,0.1,0.3,2.3,2.4,9.9
393,T. PAPALOUKASTHEODOROS PAPALOUKAS,"OLY, MAC, CSK",252,20,20,6.8,2.1,3.3,61.5,0.4,1.3,30,1.5,2.2,69.4,0.4,2,2.4,3.9,1.3,1.7,0.1,0.2,2,2.2,9.9
394,S. KAUNSASHA KAUN,CSK,142,94,17,7.6,3,4.3,70.2,0,0,0,1.6,2.8,58.1,1.4,2.2,3.6,0.4,0.5,0.7,0.8,0.3,2.1,2.6,9.9
395,R. KAUKENASRIMANTAS KAUKENAS,"RMD, MPS, ZAL, LBO",114,61,24,11.6,3.4,6.8,51,0.7,2.2,33.7,2.5,2.9,87.4,0.7,1.3,1.9,1.8,1,1.8,0,0.4,2.2,3.1,9.9
396,S. STOMBERGASSAULIUS STOMBERGAS,"BKN, EFS, ULK, ZAL",78,74,28,11.7,2.2,4.3,51.8,1.7,4.2,42,2.1,2.5,82.5,0.9,2.3,3.2,1,1.2,1.6,0.1,0.3,3.3,2.9,10
397,M. JARICMARKO JARIC,"VIR, RMD, MPS",67,49,25,9.7,2.8,5.4,51.9,0.7,2.5,29.4,1.9,2.8,65.6,0.8,2.6,3.3,2,1.8,2,0.1,0.3,2.4,3.1,10
398,J. GORDONJAMON GORDON,"MAR, OLY, GSL, EFS, DDI",125,103,26,8.6,3.2,6.7,47.3,0.4,1.4,29.8,1,1.5,69,0.7,2.6,3.3,3.5,1.8,1.8,0.3,0.3,2.5,2,10
399,C. ARROYOCARLOS ARROYO,"BKN, MAC, GSL, FCB",80,57,26,11.4,2.6,5.8,44.1,1.5,4.2,34.7,1.9,2.2,85.4,0.3,1.7,2,4,0.6,1.6,0,0.4,2.2,2.5,10
400,J. GRANGERJAYSON GRANGER,"UNI, EFS, BER, KBA",206,132,23,8.8,2,4.6,44.7,1.2,3.4,33.8,1.2,1.6,75.7,0.3,2.1,2.4,4.1,0.7,1.8,0.1,0.3,1.8,3.1,10
401,M. GRIGONISMARIUS GRIGONIS,"ZAL, CSK, PAO",122,73,22,10.2,1.6,3.3,48.4,1.5,3.5,44.2,2.4,2.6,90.3,0.3,1.6,2,2.2,0.6,1.6,0,0.3,2.5,3.4,10.1
402,A. WOJCIKADAM WOJCIK,"PER, UNI, WKS, PRO",95,62,22,10.8,3.3,6.1,53.8,0.6,1.8,33.7,2.5,3.4,71.3,1.3,2.1,3.4,0.7,0.7,1.8,0.7,0.2,2.6,3.3,10.1
403,A. NOCIONIANDRES NOCIONI,"LBO, RMB",172,78,20,10.1,2.4,4.6,52.4,1.1,3.1,36.6,1.9,2.5,76,0.8,3.6,4.4,0.8,0.6,1.6,0.6,0.3,2.4,2.6,10.1
404,M. MAMICMATEJ MAMIC,CIB,45,34,26,8.1,1.9,3.1,60.4,0.9,2.8,32.5,1.6,2.4,67.6,1.8,3.1,4.9,1.2,1.1,0.9,0.1,0.2,2.6,2.2,10.1
405,R. HICKMANRICKY HICKMAN,"MAC, FNB, EA7, BRO",152,101,24,10.6,2.1,4.5,46.3,1.2,3.5,33.6,2.9,3.6,78.8,0.4,2,2.4,2.6,1,1.8,0.1,0.6,2.2,3.8,10.2
406,G. PRINTEZISGEORGIOS PRINTEZIS,"UNI, OLY",375,237,20,9.6,3.2,5.9,54.3,0.6,1.8,34,1.4,2,68.5,1,2.8,3.9,0.9,0.3,0.9,0.2,0.3,1.5,2.4,10.2
407,G. DECKGABRIEL DECK,RMB,129,82,21,8.4,2.5,4.4,58.3,0.5,1.3,35.7,1.9,2.3,81.9,1,2.8,3.8,1.3,0.4,1,0.1,0.2,1.5,2.2,10.2
408,T. KINSEYTARENCE KINSEY,"FBU, EFS, PAR, NIZ, CZT",94,61,26,10.9,3.4,7.1,46.9,0.6,2.1,29.6,2.3,3,77.6,0.8,2.8,3.5,1.4,1.4,1.5,0.2,0.4,2.2,2.9,10.2
409,R. PITTISRICCARDO PITTIS,TRE,76,54,25,6.4,2.6,4.3,59.5,0,0.2,17.6,1.2,2.8,43.3,0.7,2.4,3.1,3.6,2.2,1.7,0.2,0.2,2.6,2.7,10.2
410,T. LYDAYTERRELL LYDAY,"ASV, TRE, UNK",51,42,24,11.1,2.4,5.2,44.9,1.2,3.3,36.5,2.8,3.7,75.4,0.5,1.8,2.3,2.2,1.5,2,0.2,0.3,2.6,3.8,10.3
411,T. RICETYRESE RICE,"MAC, KHI, FCB, PAO",112,58,24,11.2,2.3,5.4,43,1.4,4.2,34,2.3,2.7,85.6,0.3,1.5,1.7,4.2,0.8,2.1,0.1,0.6,2.1,3.3,10.3
412,M. MACVANMILAN MACVAN,"MAC, PAR, GSL, EA7",82,44,20,8.1,2.3,4.2,55.2,0.6,1.8,35.4,1.6,2,80.4,1.6,2.9,4.5,1.3,0.4,0.9,0.1,0.4,1.6,2.1,10.3
413,D. SLANINADONATAS SLANINA,"ZAL, PRO",60,42,28,13,2.4,4.7,50.9,2,5.1,39,2.2,2.6,87.1,0.5,1.8,2.3,1.5,0.8,1.5,0.1,0.4,2.6,2.8,10.4
414,P. JANKUNASPAULIUS JANKUNAS,"KHI, ZAL",392,283,21,8.3,2.6,4.7,54.4,0.4,1.3,29.7,1.9,2.4,79.3,1.4,3.7,5.1,1.1,0.6,1.3,0.3,0.3,2.5,2.7,10.4
415,A. GRANGERANTONIO GRANGER,"VIR, CSK, EFS",94,81,28,12.2,2.2,4.3,50.2,2.2,4.9,43.9,1.3,1.9,71.8,0.9,2.6,3.5,0.8,0.8,1.2,0.2,0.4,2,1.9,10.4
416,D. MOTIEJUNASDONATAS MOTIEJUNAS,"ZAL, PRO, ASM",93,82,19,9.2,3.3,5.4,61.9,0.5,1.5,29.2,1.2,2.4,50.2,1.4,3.1,4.5,0.7,0.4,1.1,0.3,0.2,2,2.9,10.4
417,R. HENDRIXRICHARD HENDRIX,"MAC, EAM, LOK, UNI",91,38,19,8,3.3,5.9,55.3,0,0.1,30,1.3,2,67.4,2.1,3.5,5.6,1,0.6,1.1,0.9,0.3,2.8,2,10.5
418,K. PANGOSKEVIN PANGOS,"ZAL, FCB, ZEN, CSK, EA7",157,132,24,10.4,1.9,4.1,45.7,1.8,4.5,39.9,1.3,1.6,79.4,0.3,1.6,2,4.7,0.7,2.1,0,0.4,2.4,2.9,10.5
419,O. HUNTEROTHELLO HUNTER,"MPS, OLY, RMB, CSK, MTA, BAY",275,83,19,8.2,3.3,5.6,58.7,0.1,0.3,36,1.3,1.8,68.7,2.2,3,5.2,0.8,0.6,1,0.4,0.2,2.3,1.8,10.5
420,E. CALLOWAYEARL CALLOWAY,"CIB, UNI",61,52,24,9.2,2,3.6,55.8,1.3,3.3,39.1,1.4,1.7,82.4,0.6,2.3,2.9,2.6,1.2,1.8,0.1,0.2,2.1,2.5,10.5
421,B. THORNTONBOOTSY THORNTON,"FCB, EFS, MPS",138,116,26,10,2.4,5,48.3,0.9,2.8,33.9,2.3,3.1,76.2,1,2.8,3.8,2,1.3,1.6,0.1,0.3,2.4,2.9,10.5
422,N. MELLINICOLO MELLI,"BRO, FNB, MIL",272,205,23,7.5,1.9,3.7,52.5,0.8,2.1,37.6,1.3,1.7,76.1,1.3,3.8,5,1.4,0.9,1,0.5,0.1,2.6,2.4,10.5
423,D. SMITHDEVIN SMITH,"FBU, MTA",150,131,28,10.6,2.4,4.7,51.1,1.5,4.2,35.9,1.3,1.5,83.3,1,4,5.1,1.5,0.7,1.3,0.5,0.3,2.7,1.8,10.5
424,R. FERNANDEZRUDY FERNANDEZ,"CJB, RMD",326,135,22,9.1,1.2,2.4,47.9,1.8,4.9,35.8,1.5,1.8,83.5,0.7,2.2,2.9,2.5,1.1,1,0.2,0.1,1.6,2.4,10.6
425,L. ELIYAHULIOR ELIYAHU,"CLA, MAC",135,79,18,9.1,3.9,6.7,57.7,0,0.1,12.5,1.3,2,65,1.1,2.7,3.8,1.5,0.6,1.2,0.3,0.3,1.6,2,10.6
426,S. RODRIGUEZSERGIO RODRIGUEZ,"EST, CSK, AXM, RMD",374,99,20,9.7,1.8,3.6,50.3,1.5,4,38.5,1.4,1.7,85.3,0.3,1.6,1.9,4.7,0.8,2,0.1,0.3,1.9,2.1,10.6
427,F. REYESFELIPE REYES,"EST, RMD",357,157,17,8.5,2.7,5.5,49.8,0.1,0.4,32,2.7,3.6,74.9,2,3.1,5,0.8,0.6,1.3,0.2,0.4,2.7,3.7,10.6
428,R. SATOROMAIN SATO,"MPS, PAO, FBU, VBC",135,122,26,9.4,2.2,4.8,47,0.9,2.5,36.3,2.2,2.8,78.9,1.4,3,4.5,1.1,1.1,1,0.2,0.3,2.5,2.9,10.6
429,D. SANTIAGODANIEL SANTIAGO,"UNI, FCB, EFS, CHA",105,78,17,8.8,3.3,5.4,61.3,0,0,0,2.2,3.4,64.8,1.2,2.8,4,0.6,0.5,1.7,0.7,0.3,2.8,4.1,10.6
430,E. LORBEKERAZEM LORBEK,"FOR, TRE, UNI, ROM, CSK, FCB",223,157,21,9.1,3.1,5.4,56.4,0.6,1.5,38.8,1.3,1.9,66.8,1.3,2.7,4,0.9,0.7,0.9,0.5,0.3,2,2.4,10.6
431,A. HERREROSALBERTO HERREROS,RMD,63,31,23,10.7,1.5,3,51.6,1.8,4.3,41.8,2.3,2.8,81.7,0.7,1.7,2.4,1.2,1,1,0.1,0.1,1.8,2.6,10.7
432,K. HINESKYLE HINES,"BRO, OLY, CSK, EA7",392,158,21,8.2,3.3,5.4,61.1,0,0,16.7,1.6,2.5,65.1,2,2.5,4.5,1.2,0.7,1.1,0.8,0.5,2.5,2.3,10.7
433,R. ARCHIBALDROBERT ARCHIBALD,"PES, CJB, UNI",78,57,18,8.9,2.9,5.2,56.7,0,0,0,3,4.6,65.7,2.1,2.6,4.7,0.6,0.8,1.8,0.6,0.4,3,4.2,10.7
434,V. STIMACVLADIMIR STIMAC,"ZAL, UNI, BAY, EFS, FNB, CZV",111,22,16,8,3.1,5.3,59,0,0.1,25,1.6,2.5,62.9,2.1,3,5.1,0.7,0.4,0.8,0.3,0.6,1.8,2.7,10.7
435,D. DIKOUDISDIMOS DIKOUDIS,"AEK, VBC, CSK, PAO, PNI",130,71,21,10.1,3.5,6.1,56.6,0.4,1,36.2,2.1,3.3,62.9,1.8,3,4.8,0.6,0.7,1.5,0.2,0.3,2.7,3.2,10.7
436,K. SIMONKRUNOSLAV SIMON,"ZAG, UNI, LOK, EA7, EFS",238,155,25,9.7,2,3.9,50.9,1.4,3.9,36.4,1.5,1.8,83.8,0.6,2.9,3.5,2.9,0.7,1.6,0.2,0.2,1.9,2,10.8
437,L. KLEIZALINAS KLEIZA,"OLY, FBU, EA7",70,35,23,11.4,2.7,5,54,1.1,3.4,33.9,2.5,3,83.8,1.1,3.2,4.3,0.8,0.4,1,0.1,0.2,2.4,2.4,10.8
438,S. NICEVICSANDRO NICEVIC,"CIB, LJU, AEK, UNI, LMS",55,14,20,9.3,3.6,6.8,53.4,0,0.1,20,2,2.5,80.3,1.1,3.3,4.4,1.2,0.6,1.7,0.8,0.3,2.6,2.9,10.8
439,W. THOMASWILL THOMAS,"UNI, VBC, ZEN, ASM",179,140,25,8.1,2.4,4,59.2,0.6,1.8,33.5,1.4,1.8,81.9,1.5,2.8,4.3,1.2,0.7,0.6,0.1,0.2,1.4,2,10.8
440,J. LAUVERGNEJOFFREY LAUVERGNE,"ELA, PAR, FNB, ZAL, ASV",121,78,20,9.2,3.6,6.3,57.8,0.2,0.7,30,1.3,2.1,63.1,1.8,3.2,4.9,1.2,0.4,1.3,0.2,0.4,1.8,2.2,10.9
441,G. JAGODNIKGORAN JAGODNIK,"PRO, UOL",48,29,25,13.4,2.5,6,41.9,1.9,5.4,34.9,2.8,3.4,82.6,0.9,4.1,5.1,0.9,1.3,2,0.2,0.4,3.2,3.2,10.9
442,D. BOOKERDEVIN BOOKER,"KHI, FBB, BAY",120,93,22,9.3,3.2,5.4,59.5,0.5,1.3,37.5,1.4,1.8,77.1,1.7,2.5,4.3,1.4,0.6,1.3,0.3,0.1,2.3,2.2,10.9
443,J. VOIGTMANNJOHANNES VOIGTMANN,"KBA, CSK, EA7",216,113,21,8.1,1.9,3.2,61.2,1.1,2.7,39.4,1,1.3,72.8,1.3,3.8,5.1,1.7,0.5,1.1,0.3,0.1,1.7,1.3,11
444,M. TELETOVICMIRZA TELETOVIC,CLA,120,81,26,12.4,2.2,4.2,50.9,2.2,5.4,40.5,1.5,2.1,71.8,1.1,3.2,4.3,0.7,0.5,1.1,0.4,0.2,2.1,2,11
445,V. STEFANOVVRBICA STEFANOV,"AEK, ULK, OLY, MPS",103,86,29,10,2.6,4.7,55.3,1,2.7,38.4,1.7,2,87.6,0.6,1.5,2.1,2.7,1.2,1,0,0.2,2.1,2.2,11
446,D. PIERREDYSHAWN PIERRE,FNB,94,55,24,8.3,2.1,3.9,55.2,0.9,2.2,41.6,1.2,1.5,80.7,1,2.8,3.8,1.9,0.6,1.1,0.3,0.2,1.3,2.1,11
447,N. NEDOVICNEMANJA NEDOVIC,"LIE, VBC, UNI, AXM, PAO, CZV",173,71,21,12.5,2.3,4.7,49.4,1.9,5.3,34.8,2.3,2.7,83.3,0.3,1.4,1.7,3,0.6,1.9,0.1,0.3,1.9,3.4,11
448,D. SAVANOVICDUSKO SAVANOVIC,"VBC, EFS, BAY",108,80,24,10.7,2.6,5.8,45.7,1.1,3.2,35.1,2,2.5,79,1.3,3.1,4.4,1.4,0.8,1.4,0.2,0.6,1.6,2.9,11
449,T. HEURTELTHOMAS HEURTEL,"LBO, EFS, FCB, RMB",253,134,22,9.6,2.5,5,50.5,1.1,2.8,38.2,1.4,1.8,80.5,0.3,1.8,2.1,5.3,0.7,2.3,0,0.4,1.6,2.2,11.1
450,A. RUBITAUGUSTINE RUBIT,"BRO, OLY, ZAL, BAY",143,71,21,9.2,2.9,5.4,53.8,0.3,0.8,35.7,2.4,3,82.5,1.5,2.7,4.2,1,0.6,1.1,0.3,0.2,2.4,2.9,11.1
451,N. BJELICANEMANJA BJELICA,"CLA, FBU",109,54,21,8.6,2.1,3.8,56.4,1,2.9,35.5,1.3,1.8,71.3,1.3,4,5.3,1.5,1,1.1,0.4,0.2,2.2,1.9,11.1
452,G. PAPAGIANNISGEORGIOS PAPAGIANNIS,"PAO, FBB",154,101,20,7.6,3.3,5.1,63.8,0.1,0.3,44,0.7,0.9,69.7,1.7,3.6,5.3,0.6,0.4,1,1.2,0.1,1.7,1.1,11.1
453,A. DIALLOALPHA DIALLO,ASM,76,42,24,10,2.9,5.4,53.3,0.8,2.3,33,2,2.7,74.3,1.6,2.8,4.4,1.9,1.3,1.3,0.3,0.3,2.9,2.5,11.1
454,M. SMODISMATJAZ SMODIS,"VIR, FOR, CSK",170,97,22,10.7,2.5,4.5,55.6,1.1,2.9,39.5,2.2,2.9,77.8,1.2,2.8,4,0.8,0.8,1.4,0.3,0.3,2.6,3.2,11.2
455,T. ROCHESTIETAYLOR ROCHESTIE,"CLA, MPS, NIZ, MAC, OLY, CZV",105,51,21,10.9,2.5,5,49.8,1.4,3.3,43.3,1.6,1.8,89.6,0.4,1.2,1.6,4.2,0.5,1.7,0,0.2,1.9,2.4,11.2
456,E. BENNETTELMER BENNETT,"BKN, RMD, CJB",76,62,28,10.8,2.2,4.8,46.7,1.2,4.1,29.8,2.5,3.2,79.4,0.6,1.5,2.1,4.4,1.4,2.4,0,0.2,2.5,3.8,11.2
457,M. COSTELLOMATTHEW COSTELLO,BKN,62,20,20,9.3,2.4,3.8,62,1,3,35.3,1.5,2,74.4,1.5,3.1,4.6,1.4,0.5,1.1,0.9,0.3,2.4,2.2,11.2
458,C. HIGGINSCORY HIGGINS,"CSK, FCB",238,120,23,11.6,2.8,5.6,50.1,1.1,2.6,42.2,2.7,3.2,86.2,0.4,1.8,2.2,1.9,0.8,1.5,0.2,0.5,2.2,3.7,11.3
459,C. SMITHCHARLES SMITH,"PES, RMD, EFS, ROM",79,48,26,12.9,2.4,4.6,51.9,2.2,6.3,34.9,1.5,2,74.8,0.5,2.1,2.6,1.8,2,1.4,0.5,0.2,2.2,2.3,11.4
460,D. WILLIAMSDERRICK WILLIAMS,"BAY, FNB, VBC, MTA, PAO",160,104,25,11,2.6,4.5,56.7,1.3,3.5,36.2,2.1,2.9,73,0.7,2.9,3.6,1,0.8,1.2,0.2,0.3,1.5,2.7,11.4
461,M. KAKIOUZISMICHAILIS KAKIOUZIS,"AEK, MPS, FCB, EFS",150,48,23,10.2,2.9,5.1,56.9,0.8,2.4,33.1,2,2.7,75.6,1.7,3.3,5,0.6,1,1,0.2,0.3,2,2.2,11.4
462,J. NAVARROJUAN CARLOS NAVARRO,FCB,341,233,24,12.2,2.1,4.3,48.7,1.8,4.9,37.3,2.5,2.9,86.1,0.2,1.4,1.6,2.4,0.7,1.7,0,0.2,1.5,3.5,11.4
463,M. BATISTEMIKE BATISTE,"CHA, FBU, PAO",237,145,20,10.5,4,6.8,58.8,0.2,0.6,28.3,2,2.7,74.2,1.5,3.2,4.7,0.5,0.8,1.6,0.3,0.4,2.2,2.6,11.4
464,K. SLOUKASKOSTAS SLOUKAS,"FNB, OLY, PAO",354,98,22,9.3,1.8,3.8,47.5,1.1,2.8,39.9,2.3,2.6,89.1,0.3,1.8,2.1,4.3,0.6,1.9,0.1,0.3,1.7,2.9,11.4
465,I. BOUROUSISIOANNIS BOUROUSIS,"AEK, OLY, EAM, RMB, LBO, PAO",284,119,18,8.5,2.6,4.6,56,0.4,1.3,34.5,2,2.8,74.4,1.5,4.1,5.6,0.9,0.6,1.3,0.7,0.3,2.3,2.6,11.5
466,S. BECIROVICSANI BECIROVIC,"VIR, MES, FOR, PAO, ROM, LJU",110,47,23,11.8,2.3,5.3,44.3,1.1,3,35.6,3.9,4.7,84.6,0.5,2,2.6,2.6,1,2.2,0.1,0.4,2.5,4.2,11.5
467,P. MICKEALPETE MICKEAL,"BKN, FCB",103,84,24,10.5,3.3,6.3,52,0.5,1.4,36.2,2.4,2.7,87.5,1,3.6,4.6,0.8,1,1.2,0.2,0.4,2.2,2.5,11.5
468,D. ANDERSENDAVID ANDERSEN,"VIR, CSK, FCB, MPS, FBU",224,132,22,10.2,3.5,6.9,50.2,0.4,1,41.3,2.1,2.7,78.8,1.3,3.8,5.1,0.8,0.6,1.3,0.4,0.3,2.2,2.9,11.5
469,A. RANDOLPHANTHONY RANDOLPH,"LOK, RMB",168,111,19,10.3,2.5,4.6,53.5,1.2,3.2,38.4,1.7,2.2,76.2,1,3.2,4.2,0.8,0.6,1,0.5,0.1,1.5,2.2,11.5
470,A. RIGAUDEAUANTOINE RIGAUDEAU,"VIR, VBC",70,59,27,12.1,2.5,4.3,57.7,1.5,3.4,44.1,2.6,3,86.9,0.4,1.7,2,1.8,1.4,1.7,0.1,0.2,3,3.1,11.5
471,S. SHIELDSSHAVON SHIELDS,"KBA, EA7",130,100,26,11.3,3,5.7,52.6,1.2,3.2,37.4,1.8,2.1,83.9,0.8,2.7,3.5,1.6,0.8,1.2,0.2,0.3,1.8,2.5,11.5
472,N. PRKACINNIKOLA PRKACIN,"EFS, PAO, CIB",145,70,22,9.5,3.5,6.3,55.1,0,0.1,21.1,2.5,3.7,69.2,1.3,3.2,4.6,1.7,1.3,2.3,0.3,0.3,3.3,4.1,11.6
473,E. KOVACICEMILIJO KOVACIC,"FOR, BAY",44,22,21,9.9,3.8,7.4,51.1,0.1,0.2,40,2.1,3,68.7,1.9,3.7,5.5,0.7,1,1.2,0.7,0.4,2.5,2.5,11.6
474,T. MORRISTERENCE MORRIS,"MAC, CSK, FCB",87,43,22,8.4,2.2,3.5,61.7,1.1,2.6,43.2,0.7,1,70.5,1.4,4.1,5.4,1,0.7,1.1,1.1,0.1,1.7,1,11.6
475,M. MILICMARKO MILIC,"RMD, FOR, PES, LJU, ORL",89,72,24,11,4.3,8,53.1,0.1,0.5,23.9,2.1,3.4,62.8,2.2,2.6,4.8,1.8,1.5,2.1,0,0.4,2.9,3.3,11.6
476,V. SPANOULISVASSILIS SPANOULIS,"PAO, OLY",358,254,26,12.4,2.5,5,49.5,1.4,4.5,32.1,3.2,4.1,77.9,0.2,1.6,1.8,4.5,0.8,3,0,0.6,2.1,4.4,11.7
477,D. COLLINSDeJUAN COLLINS,"BER, ZAL",72,53,25,10.8,2.7,5.5,49.2,0.7,2.6,28.5,3.2,4,79.9,0.8,2.3,3.1,3.1,1.1,2.5,0.1,0.4,2.5,4.3,11.7
478,J. AUGUSTINEJAMES AUGUSTINE,"VBC, KHI, CSK, UNI",116,62,21,7.6,3.3,4.9,66.1,0,0.2,22.7,0.9,1.5,60.7,2.1,3.4,5.4,1.2,0.8,0.7,0.6,0.3,1.7,1.3,11.7
479,A. GUDAITISARTURAS GUDAITIS,"ZAL, AXM, ZEN, PAO",173,63,18,8.6,2.8,4.7,61.1,0,0.1,30,2.9,4.2,69.6,2,2.7,4.7,0.5,0.5,0.8,0.8,0.4,2.4,3.3,11.7
480,D. HAWKINSDAVID HAWKINS,"ROM, MPS, MIL",79,76,28,12.4,3.1,6.3,48.3,1,3.5,29.4,3.1,3.9,80.2,1,2.1,3,2.2,1.9,1.6,0.2,0.3,3,3.6,11.8
481,S. PENNSCOONIE PENN,"PES, CIB, EFS, OLY",103,92,30,11.7,2.6,5.7,45.9,1.2,3.5,34,2.8,3.5,80.9,0.4,2.2,2.6,2.9,1.7,1.9,0,0.4,2.5,3.7,11.8
482,J. LAKOVICJAKA LAKOVIC,"MES, PAO, FCB, GSL",218,135,25,11.6,1.6,3.3,49.9,1.7,4.5,38.6,3.1,3.7,83.6,0.3,1.3,1.6,2.7,0.9,1.9,0,0.3,2.1,4.2,11.8
483,T. SATORANSKYTOMAS SATORANSKY,FCB,93,76,22,8.3,2,3.8,53.8,0.9,2.1,42.1,1.5,1.9,81.1,0.7,2.5,3.2,4,0.8,1.5,0.2,0.2,2.2,2.5,11.8
484,D. OSTOJICDJURO OSTOJIC,PAR,40,24,26,9.6,3.4,5.8,58.3,0,0,50,2.8,4.4,63.1,3,3,6,1.1,0.7,1.9,0.4,0.3,3.7,4.2,11.9
485,M. VUJANICMILOS VUJANIC,"PAR, FOR, FCB, PAO, EFS",101,63,25,14,2.3,4.4,52.2,1.9,5.1,37,3.7,4.6,81,0.4,1.4,1.8,2,1,2,0,0.3,2.6,4.3,11.9
486,S. VEZENKOVSASHA VEZENKOV,"FCB, OLY",228,104,20,9.6,2.2,3.6,62.8,1.2,3.1,39.5,1.5,1.7,86,1,3.1,4.1,1,0.6,0.6,0.2,0.1,1.3,1.8,11.9
487,A. McDONALDARRIEL McDONALD,"MAC, PAO, MPS",67,48,27,10.4,2.6,4.8,54.5,0.9,2.6,35.5,2.4,3.1,77.9,0.5,1.8,2.3,3,1.6,1.4,0.1,0.2,2.7,3.3,11.9
488,B. DUNSTONBRYANT DUNSTON,"OLY, EFS, VIR",295,186,22,8.3,3.1,5,62.6,0,0.1,26.5,1.9,3,65.8,1.9,2.7,4.6,1,0.8,0.8,1.1,0.2,2.7,2.8,12
489,N. CALATHESNICK CALATHES,"PAO, FCB, FBB",321,276,26,9.2,2.9,5.6,50.9,0.9,2.9,29.5,1,1.8,53.8,0.5,3.1,3.7,5.9,1.3,2.2,0.1,0.4,2.4,2.4,12
490,M. SKELINMATE SKELIN,"MES, FOR, PAU, CIB, LMS",87,71,24,8.6,2.9,5.3,54.5,0,0,0,2.9,4.6,62.8,2.1,4.1,6.2,0.9,0.5,1.9,0.5,0.3,2.6,4.1,12
491,M. POPOVICMARKO POPOVIC,"ZAD, BUD, VBC, CIB, EFS, ZAL, ZEN",123,59,25,12.5,1.8,3.4,51.7,2,5.2,38,3,3.6,82.1,0.4,1.3,1.7,2.8,1.2,1.9,0,0.4,2.5,4.2,12
492,G. YABUSELEGUERSCHON YABUSELE,"ASV, RMB",98,78,25,10.9,2.6,4.6,55.6,1.4,3.4,40.2,1.6,2.2,74.1,1.1,3.3,4.4,1.3,0.9,1.4,0.4,0.3,1.7,2.2,12
493,S. WEEMSSONNY WEEMS,"ZAL, CSK, MTA, EFS",123,113,28,13.2,3.8,7.4,50.6,1.3,3.6,36,1.8,2.4,75.8,0.5,3.1,3.6,3,0.9,2.2,0.2,0.3,2.3,2.6,12
494,N. MILUTINOVNIKOLA MILUTINOV,"PAR, CSK, OLY",201,156,19,7.5,2.9,4.6,62.2,0,0,40,1.8,2.4,73.4,2.5,3,5.5,0.9,0.4,0.9,0.6,0.3,1.9,2.5,12.1
495,B. BOGDANOVICBOJAN BOGDANOVIC,"RMD, CIB, FBU",87,57,27,13.8,3.3,6.2,52.4,1.4,4,35.9,2.9,3.7,78.7,0.6,1.8,2.5,1.2,0.7,1.6,0.3,0.5,1.8,3.8,12.1
496,B. DAVIESBRANDON DAVIES,"ZAL, FCB, EA7, VBC",203,113,20,10.8,3.9,7.1,55.4,0.1,0.4,33.3,2.7,3.5,75.5,1.4,2.7,4,1.6,0.8,1.8,0.4,0.4,2.7,3.6,12.1
497,M. HAISLIPMARCUS HAISLIP,"ULK, EFS, UNI, PAO, CLA",77,65,25,11.7,3.3,6.3,51.9,0.9,2.7,33.2,2.5,3.4,71.9,1.6,3.7,5.2,0.4,0.6,1.4,1.1,0.4,2.4,3,12.1
498,D. LAVRINOVICDARJUS LAVRINOVIC,"RMD, FBU, CSK, ZAL, BUD",118,65,20,9.9,2.9,5.1,58,0.6,1.9,34.2,2.1,2.8,75.2,1.4,3.3,4.8,1.1,0.7,1.6,1,0.3,2.6,3,12.1
499,C. JONESCHRIS JONES,"MTA, ASV, VBC",94,64,22,11,3.1,5.8,54,1,2.7,37,1.7,2,83.9,0.3,2,2.3,3.5,1.1,1.7,0.1,0.3,1.7,2.5,12.1
500,K. PUNTERKEVIN PUNTER,"OLY, CZV, AXM, PAR",97,61,24,14.3,2.8,5.8,48.8,1.8,4.6,40.2,3.1,3.5,89.3,0.2,1.5,1.8,1.8,0.8,1.1,0.1,0.5,2.3,3.4,12.1
501,D. HALLDONTA HALL,ASM,77,7,18,7.8,3.2,4.3,74.7,0,0,0,1.4,2,71.4,2,3.3,5.3,0.4,0.5,0.6,1,0.1,2.2,1.8,12.2
502,V. LUCICVLADIMIR LUCIC,"PAR, VBC, BAY",179,155,26,10.3,2.1,3.8,55.3,1.2,3.1,38.1,2.6,3.1,85.2,0.7,3,3.7,1.2,0.9,1,0.2,0.2,2.3,3.5,12.2
503,K. GREGORYKENNY GREGORY,"LMS, EFS, UOL, SLU",53,50,31,12.9,4.7,8.8,53.8,0.8,1.7,45.7,1.1,1.9,58.4,1.2,3.6,4.8,1.5,0.6,1.9,0.2,0.3,2,2.1,12.2
504,V. POIRIERVINCENT POIRIER,"KBA, RMB",138,55,19,8.4,3.3,5.6,59.7,0,0.1,33.3,1.7,2.3,73.7,2.3,3.4,5.8,0.9,0.6,1.1,0.9,0.3,2.4,2.3,12.2
505,B. BOGDANOVICBOGDAN BOGDANOVIC,"PAR, FNB",108,89,28,12.3,2.4,5.2,45.9,1.8,4.9,37.6,2,2.6,80.1,0.6,2.7,3.3,3.1,1.1,2,0.3,0.5,2.2,3.3,12.2
506,J. MICKEYJORDAN MICKEY,"RMB, KHI, ZEN, VIR",137,59,23,11.3,3.8,6.5,58.3,0.6,2,30.5,1.9,2.4,77,1.2,3.5,4.7,0.8,0.7,1.6,1,0.4,2.1,2.5,12.3
507,N. PEKOVICNIKOLA PEKOVIC,"PAO, PAR",98,45,20,11.7,4.2,7.1,59.4,0,0,0,3.2,4.3,75.7,2,2.2,4.3,0.5,0.5,1.7,0.5,0.6,3.2,4.3,12.3
508,J. NEBOJOSH NEBO,"ZAL, MTA",68,51,21,8.1,3.3,5,65.2,0,0,0,1.5,2.3,64.2,2.4,3.8,6.2,0.6,0.5,1,0.7,0.2,1.8,1.9,12.3
509,T. SPLITTERTIAGO SPLITTER,CLA,137,65,21,10.5,3.9,6.6,59.7,0,0,0,2.6,4.5,58.2,1.7,3.1,4.8,1,0.9,1.5,0.7,0.5,2.8,3.9,12.3
510,F. CAMPAZZOFACUNDO CAMPAZZO,"CZV, RMB",123,86,22,8.7,1.4,3.1,46.6,1.3,3.7,33.8,2,2.4,86.6,0.3,2,2.3,5.3,1.5,2.2,0,0.2,2.4,3.7,12.3
511,M. TEODOSICMILOS TEODOSIC,"OLY, CSK, VIR, CZV",264,142,25,11.7,1.6,3.2,51.4,2,5.3,37.8,2.4,2.7,87.9,0.3,2.1,2.3,4.9,0.8,2.5,0,0.2,2.4,3,12.3
512,J. MCLEANJAMEL MCLEAN,"ALB, EA7, OLY",93,30,21,9.9,3.3,5.8,57.3,0,0.3,12.5,3.2,4.4,72.5,1.8,2.9,4.7,1.2,0.7,1.6,0.2,0.4,2.8,4.4,12.4
513,E. COTAED COTA,"OOS, FCB, ZAL",62,50,30,10,3.2,6.3,50.5,0.6,1.9,32.2,1.9,2.5,72.8,1.1,2.3,3.5,4.8,1.2,2.4,0.1,0.2,1.9,2.4,12.4
514,D. BROWNDERRICK BROWN,"LOK, EFS, CZV",107,73,25,10.8,3.8,7.4,51.7,0.4,1.4,31.7,1.9,2.6,72.2,1.3,3.2,4.5,1.7,0.9,1.3,0.4,0.3,1.6,2.6,12.4
515,S. WILBEKINSCOTTIE WILBEKIN,"DDI, MTA, FBB",201,168,25,13.3,1.9,4,47.6,2.4,6.6,37,2.1,2.5,84.9,0.3,1.6,2,3.3,1.2,1.9,0,0.3,1.8,3.2,12.4
516,A. ZIZICANTE ZIZIC,"DDI, MTA, EFS",117,89,19,9.5,4,6.2,64.8,0,0,0,1.5,2.1,70,2.1,2.9,5,0.6,0.4,1.1,0.7,0.4,1.6,2.1,12.5
517,M. PONITKAMATEUSZ PONITKA,"PRO, ZGA, ZEN, PAO, PAR",120,80,25,8.2,2.1,3.9,54.4,0.6,1.9,31.4,2.1,2.8,72.9,1.4,3.8,5.2,2.4,0.9,1.9,0.1,0.3,1.8,3.6,12.5
518,P. HENRYPIERRIA HENRY,"FBB, TDS",100,63,26,9,2.4,4.9,48.6,0.8,2.7,31.5,1.7,2.2,77.5,0.8,2.5,3.3,5.3,1.7,2.6,0.1,0.2,2,2.8,12.5
519,C. EIDSONCHUCK EIDSON,"LIE, MAC, FCB",78,68,28,10.4,2.4,5.5,44.1,1.1,2.9,37.3,2.3,3.1,76.5,1.1,3.1,4.1,2.8,1.8,1.7,0.2,0.2,2,2.8,12.5
520,M. LESSORTMATHIAS LESSORT,"CZV, BAY, MTA, PAR, PAO",96,59,22,8.8,3.2,5.2,61.6,0,0,0,2.3,3.4,68.4,2.4,2.9,5.4,0.9,0.8,1.4,0.6,0.3,2.5,3.4,12.5
521,E. OKOBOELIE OKOBO,"ASV, ASM",69,29,26,13.4,3,5.9,52,1.5,4.1,35.4,2.9,3.5,83.8,0.2,2.1,2.4,3.7,0.9,2.5,0.1,0.2,2.4,3.2,12.6
522,Z. LEDAYZACH LEDAY,"OLY, ZAL, AXM, PAR",134,77,24,10.7,3,5.8,52.8,0.7,1.6,41.1,2.6,3.1,84.4,1.3,3.3,4.6,0.8,0.5,1.1,0.4,0.5,2.1,3.5,12.6
523,T. WATSONTRAVIS WATSON,"FOR, MIL, ZAL",62,37,21,9,3.6,6.3,57.3,0,0,33.3,1.8,3,59,3,4.7,7.7,1.1,1.2,1.9,0.6,0.4,3.5,2.9,12.6
524,V. ALEXANDERVICTOR ALEXANDER,"BKN, UNI, CSK",56,49,26,12.9,5.1,9.4,54.6,0.2,0.5,37,2.1,2.9,70.7,1.7,3.9,5.6,0.7,0.9,1.7,0.1,0.3,2.9,2.7,12.7
525,L. BULLOCKLOUIS BULLOCK,"VER, UNI, RMD",137,98,25,14.1,2.4,5.1,48.3,2,5,40,3.2,3.7,87.2,0.4,1.5,2,2.1,1.2,1.8,0,0.3,2.3,3.8,12.7
526,T. LANGDONTRAJAN LANGDON,"TRE, EFS, CSK",167,163,30,13,2.5,4.5,54.9,2,4.8,42.7,2,2.3,86.8,0.5,2.6,3.1,1.3,1.3,1.4,0.1,0.3,2.2,2.8,12.7
527,K. LAVRINOVICKSISTOF LAVRINOVIC,"MPS, ZAL",124,19,21,10.6,2.4,4.5,53.6,1,2.6,38.9,2.7,3.5,76.6,1.2,3.3,4.5,1,1,1.5,0.5,0.3,2.2,3.6,12.7
528,R. SISKAUSKASRAMUNAS SISKAUSKAS,"TRE, PAO, CSK",143,127,27,11.6,2.3,4.2,55.4,1.5,3.5,41.9,2.5,3.2,76.7,0.8,2.2,3,1.6,1.1,1.3,0.2,0.2,1.9,3.5,12.8
529,I. RAKOCEVICIGOR RAKOCEVIC,"BUD, RMD, BKN, EFS, MPS",159,119,26,14.6,2.9,5.9,49.8,1.7,4.5,38.4,3.5,4.3,81.6,0.4,1.9,2.3,2,0.8,2.2,0,0.5,1.6,3.9,12.8
530,M. BOOKERMELVIN BOOKER,"PES, ULK, MIL",71,63,32,14,3.5,6.8,51,1.4,4.3,32.4,2.9,3.6,80.8,0.4,2.3,2.8,3.3,1.2,2,0,0.4,2.8,3.7,12.9
531,M. FALLMOUSTAPHA FALL,"ASV, OLY",108,104,22,8,3.2,4.5,70.9,0,0,0,1.6,2.6,58.7,1.9,3.2,5.1,1.7,0.5,1.4,0.9,0.2,2.1,3,13.1
532,A. TOMICANTE TOMIC,"RMD, FCB",283,232,20,9.8,4,6.8,59.3,0,0,0,1.8,2.8,63.2,1.8,3.6,5.5,1.7,0.5,1.4,0.5,0.3,2.4,3.1,13.2
533,R. GIEDRAITISROKAS GIEDRAITIS,"BER, TDS, CZV",123,113,27,12,2.4,4.4,55,1.7,4.5,37.7,1.9,2.3,82.3,1,3,4.1,1.5,1.1,1,0.1,0.2,1.6,2.5,13.2
534,W. BALDWIN IVWADE BALDWIN IV,"OLY, BAY, BKN, MTA",127,105,25,13.7,3.9,7.7,50.2,1.1,3.6,31.4,2.6,3.3,77.7,0.4,2.7,3.1,4,0.9,2.5,0.2,0.3,2.7,3.9,13.3
535,A. GOUDELOCKANDREW GOUDELOCK,"FBU, MTA, AXM",74,58,28,15.5,3.6,7,52,2.2,5.3,41.1,1.7,2,86.5,0.3,2.1,2.4,2.2,0.6,1.4,0.1,0.3,1.8,2.8,13.4
536,L. GREERLYNN GREER,"WKS, OLY, FBU, UNK",92,42,25,13.2,2.7,5.8,47.5,1.3,3.5,37.9,3.8,4.2,89.9,0.5,1.6,2.1,2.8,1,2,0.1,0.4,2,4.3,13.4
537,A. PARAKHOUSKIARTSIOM PARAKHOUSKI,"NIZ, UNK, MTA",82,76,20,10.4,4.2,6.8,62.1,0,0,0,2,2.7,72,2.2,2.9,5.1,0.5,0.5,1,1.4,0.3,2.3,2.5,13.5
538,M. DELANEYMALCOLM DELANEY,"BAY, LOK, FCB, AXM",141,118,26,12.3,1.9,4.3,43.6,1.8,4.7,38.9,3.1,3.8,80.4,0.4,2.5,2.8,4.2,0.8,2.1,0,0.3,2.8,4.6,13.5
539,L. BROWNLORENZO BROWN,"CZV, FNB, UNK, MTA",124,98,27,13,3.7,7.4,49.8,1.2,3.7,33.6,1.9,2.2,85.5,0.5,2.4,2.9,4.8,1.2,2.6,0.1,0.5,1.9,2.9,13.5
540,K. DAVIDKORNEL DAVID,"ZAL, BKN",81,58,26,11.6,4.1,7.9,52.4,0.1,0.2,40,3.1,3.8,82.3,1.7,3.8,5.5,1,0.9,1.4,0.5,0.3,3,3.1,13.5
541,D. FISCHERDOR FISCHER,"MAC, RMD, BIL, BRO, UNK",89,53,22,9.2,3.7,5.6,66.4,0,0.1,50,1.6,2,80.2,1.9,3.9,5.8,1.1,0.5,1.1,1.6,0.2,2.7,1.7,13.6
542,T. SHENGELIATORNIKE SHENGELIA,"CHA, LBO, CSK, VIR",223,178,24,11.7,3.6,6.7,53.4,0.7,1.8,36.3,2.5,3.6,70.2,1.5,3.3,4.7,2,0.9,2,0.4,0.5,2.3,4,13.6
543,B. MCCALEBBBO MCCALEBB,"PAR, MPS, FBU, BAY",106,88,26,13.1,4.1,7.1,57.4,0.7,2,33.6,2.9,3.7,79.8,1,1.7,2.7,2.7,1.6,1.7,0,0.6,2.3,3.3,13.6
544,R. GRIFFITHRASHARD GRIFFITH,"VIR, BKN, ROM",61,54,25,9.9,3.9,6.3,61.3,0,0,0,2.1,3.9,54.7,2.3,4.7,7,0.9,1.2,1.9,1,0.2,3.5,3.6,13.6
545,J. VESELYJAN VESELY,"PAR, FNB, BAR",315,218,24,10.7,4.2,6.7,62.2,0.1,0.3,27.9,2.1,3.3,63.5,1.8,3.1,4.9,1.6,1,1.4,0.6,0.2,3,3.4,13.6
546,D. DIAMANTIDISDIMITRIS DIAMANTIDIS,PAO,278,228,28,9,1.3,2.5,53.9,1.3,3.6,37.5,2.3,2.9,79.5,0.6,2.9,3.5,4.5,1.6,2.4,0.4,0.2,2.3,3.6,13.7
547,J. LOYDJORDAN LOYD,"VBC, CZV, ZEN, ASM",104,87,25,13.7,2.8,5.6,49.5,1.7,4.7,35.4,3.1,3.6,87.1,0.4,2.6,3,3.1,1.1,1.8,0.1,0.3,2.8,4.1,13.7
548,V. MICICVASILIJE MICIC,"BAY, CZT, ZAL, EFS",229,155,27,13.1,2.8,5.2,53.7,1.7,4.6,36.4,2.5,3,84.2,0.3,2.1,2.4,4.8,1,2.7,0.1,0.5,2.4,3.9,13.8
549,N. KRSTICNENAD KRSTIC,"PAR, CSK, EFS",132,72,22,11.7,4.2,7.4,56.2,0,0.1,50,3.2,4.4,73.5,1.5,2.9,4.5,0.8,0.4,1.1,0.6,0.3,2.2,4,13.9
550,F. OBERTOFABRICIO OBERTO,"BKN, VBC",59,50,27,11.4,5,8.1,62.3,0,0,0,1.3,3.1,42.3,2.4,4.1,6.5,1.5,1.4,1.8,0.5,0.2,3.6,3.1,13.9
551,A. OKULAJAADEMOLA OKULAJA,"FCB, UNI, BRO",52,42,27,11.2,3.4,6.4,52.7,0.9,2.6,33.8,1.8,3.2,56.2,2.3,4.5,6.8,1.5,1.3,1.6,0.3,0.4,1.9,3,13.9
552,T. MCINTYRETERRELL MCINTYRE,"MPS, UNI",69,64,28,13.3,1.8,3.5,52.3,2.5,6.4,38.5,2.2,2.4,90.4,0.5,1.5,2,4.5,1.9,2.3,0,0.3,2,2.8,14
553,D. VANTERPOOLDAVID VANTERPOOL,"MPS, CSK",75,50,27,11.1,3,6.2,48.1,0.5,1.9,28.4,3.6,4.4,80.8,1.3,3.1,4.4,3.3,2.1,2.4,0,0.4,2.9,4.2,14
554,M. GOREEMARCUS GOREE,"FRA, MAC, TRE, CSK",119,103,29,11.3,3.6,7.4,49.3,0.7,1.9,36.6,1.9,3.1,62.3,2.1,4.1,6.1,1.3,1.1,1.3,1,0.4,1.9,3.2,14.1
555,L. SIKMALUKE SIKMA,"BER, OLY",122,112,24,8.7,2.6,4.9,54.6,0.7,1.9,35.8,1.4,1.9,73.8,1.8,4.1,5.9,4.2,1,2.3,0.3,0.3,2.4,3.1,14.2
556,L. SCOLALUIS SCOLA,"BKN, AXM",172,110,24,13.4,5.2,9,57.3,0.1,0.5,31.6,2.7,4,67,1.8,3.6,5.4,1.6,1.1,2.1,0.4,0.5,3.3,3.7,14.3
557,W. SOLOMONWILLIE SOLOMON,"EFS, MAC, FBU",82,79,31,15.3,3,5.7,52.4,2.1,5.6,37,3,3.7,80.6,0.4,2.2,2.6,3.2,1.9,3.1,0.2,0.4,2.8,4.5,14.4
558,G. AYONGUSTAVO AYON,"RMB, ZEN",167,117,21,9.9,4.3,6.8,63.5,0,0,0,1.2,2,58.7,2,3.8,5.8,2.4,1.2,1.6,0.7,0.3,2.6,2.3,14.4
559,B. DUBLJEVICBOJAN DUBLJEVIC,VBC,114,86,22,11.9,3,5.4,56.1,1.3,3.2,38.6,2.1,2.5,83.2,1.9,3.6,5.4,1.7,0.7,1.8,0.2,0.4,1.8,3.5,14.5
560,J. STANOJEVICJOVO STANOJEVIC,"PAR, BER, PRO",52,42,27,14.1,5.7,10.1,56.8,0,0,0,2.6,3.8,68.5,2.3,3.8,6.1,1.3,0.9,2.9,0.3,0.7,3.3,4.3,14.6
561,G. FUCKAGREGOR FUCKA,"FOR, FCB, ROM",133,106,26,12.3,4.3,8.1,52.9,0.4,1.1,37,2.5,4.1,61.5,2,4.2,6.2,1,1.1,1.8,0.8,0.2,2.7,4.2,14.7
562,B. WANAMAKERBRAD WANAMAKER,"BRO, DDI, FBD",94,82,29,13.5,3.1,6.5,47.5,1.3,3.6,36.3,3.4,4,84.4,0.5,2.8,3.2,4.2,1.4,2.3,0.1,0.7,2.6,4.4,14.9
563,J. GARBAJOSAJORGE GARBAJOSA,"TRE, RMD, UNI",151,115,26,11.2,2.4,4.7,51.5,1.3,3.4,37.4,2.6,3.4,77.2,1.3,4.1,5.4,1.2,1.5,1.3,0.6,0.2,2.3,4.1,15.1
564,W. CLYBURNWILL CLYBURN,"DDI, CSK, EFS",195,72,28,13.8,3.5,7.2,48.2,1.3,3.6,35,3.1,4,76.3,1.3,4.1,5.4,1.6,0.9,1.6,0.2,0.5,1.9,4.2,15.2
565,A. SHVEDALEXEY SHVED,"KHI, CSK",187,140,26,16.1,2.7,5.7,47.9,2.5,7.1,34.7,3.3,3.9,83.5,0.4,2.1,2.6,4.6,1,2.6,0.3,0.5,1.9,3.9,15.3
566,J. MASSEYJEREMIAH MASSEY,"ARI, RMD, BRO",65,48,27,12,4.3,7.9,54.2,0.3,1.2,23.1,2.6,3.8,68.5,2.4,3.9,6.4,0.9,1.3,1.1,0.8,0.5,2.1,3.4,15.3
567,M. BROWNMARCUS BROWN,"TRE, EFS, CSK, UNI, MAC, ZAL",179,163,31,15.3,3,5.9,50.8,1.8,4.6,39.5,3.9,4.5,85.7,0.5,1.9,2.5,2.6,1,1.9,0.1,0.3,2.5,4.9,15.4
568,W. TAVARESWALTER TAVARES,RMB,202,182,22,9.3,3.8,5.5,69,0,0,0,1.8,2.5,70.8,2.6,4.3,6.9,1,0.7,1.5,1.8,0.2,2.6,2.7,15.8
569,N. VUJCICNIKOLA VUJCIC,"ASV, MAC, OLY, EFS",192,150,25,12.7,4.4,7.9,56,0.4,1.2,34.5,2.7,3.8,69.5,1.4,4,5.4,2.7,0.9,1.8,0.6,0.4,2.3,3.4,15.9
570,D. TOMASEVICDEJAN TOMASEVIC,"BUD, BKN, VBC, PAO",89,60,23,11.5,4.4,7.1,61.8,0,0.1,0,2.7,4.7,58.1,2.7,4,6.7,2.1,1,1.8,0.4,0.5,2.3,3.8,16.2
571,D. LUKOVSKIDRAGAN LUKOVSKI,PAU,47,38,26,13.1,2.4,5.1,47.5,1,2.6,37.4,5.3,6.3,83.6,0.4,1.6,2,4.2,1.1,2.5,0.1,0.4,2.1,6,16.3
572,K. LANGFORDKEITH LANGFORD,"KHI, MAC, EAM, UNK, PAO",143,117,28,16,4,8,49.7,1.4,3.9,36.2,3.8,4.9,77.5,0.7,2.4,3.1,2.6,0.8,2,0.2,0.5,2,5.8,16.3
573,M. JAMESMIKE JAMES,"LBO, PAO, AXM, CSK, ASM",244,160,27,16.2,3.6,7.2,49.5,1.8,5.6,32.8,3.5,4.4,80.7,0.5,2.6,3.1,4.5,1,2.2,0.1,0.5,1.9,4.3,16.4
574,Q. LOLLISQUADRE-MICHAEL LOLLIS,"ULK, BER, AEK",62,61,30,11.8,4.3,7.3,59,0.2,0.7,34.9,2.5,4.2,60.5,3,5.3,8.3,1.9,1.1,2,0.3,0.5,3.6,4.4,16.5
575,N. MIROTICNIKOLA MIROTIC,"RMD, FCB, EA7",226,199,24,14.2,3.2,5.4,59.2,1.5,3.7,40.1,3.3,3.9,85.1,1.4,3.7,5.1,1.1,0.9,1.5,0.5,0.2,1.9,3.7,16.9
576,T. EDNEYTYUS EDNEY,"TRE, OLY, FOR",90,83,30,15.2,4.5,8.8,51.1,0.9,2.2,39.1,3.6,4.4,80.7,0.7,2.2,2.9,4.3,1.4,2.6,0.1,0.4,2.2,4.9,17
577,M. BASTONMACEO BASTON,MAC,70,66,23,13.3,5.1,7.8,64.8,0.1,0.1,57.1,2.9,4.6,63.1,2.2,4.3,6.5,0.7,1.1,2,1.4,0.3,3.4,4.3,17.1
578,S. LARKINSHANE LARKIN,"BKN, EFS",185,114,28,14.8,2.3,4.5,51.6,2.3,5.6,40.9,3.3,3.9,86.2,0.4,2.2,2.6,4.6,1.2,2.3,0.1,0.4,1.5,4.3,17.3
579,N. DE COLONANDO DE COLO,"VBC, CSK, FNB, ASV",275,177,25,15.4,3.5,6.5,54.5,1.5,3.7,41.7,3.7,4,93.3,0.4,2.4,2.8,3.6,1.1,2.6,0.1,0.5,1.9,4.7,17.4
580,K. KAMBALAKASPARS KAMBALA,"EFS, FBU",53,46,30,16.7,6.5,11.3,57.9,0,0,50,3.6,5.3,67.3,2.3,4.5,6.8,0.5,0.8,1.8,0.2,0.8,3.2,5,17.9
581,D. BODIROGADEJAN BODIROGA,"PAO, FCB, ROM",100,89,31,16.1,4.9,8.5,57.6,0.6,1.6,38.1,4.4,5.6,79.2,0.9,3.6,4.5,2,0.9,1.9,0,0.2,2.3,4.9,18.2
582,M. TURKCANMIRSAD TURKCAN,"MPS, CSK, ULK",129,94,28,11.8,3.3,6.2,52.8,0.9,2.6,34.5,2.7,3.7,72.6,3,7,10,1.4,1.1,2.1,0.6,0.2,2.2,3.6,18.3
583,T. BEARDTANOKA BEARD,ZAL,73,59,29,15.2,5.7,10,56.6,0.2,0.9,18.8,3.3,4.6,73,3.4,5.7,9.1,1.3,1.1,2.5,0.5,0.6,3.2,3.8,18.5
584,J. BLAIRJOSEPH BLAIR,"PBC, PES, ULK, MIL",65,63,33,13.5,5.4,9,59.8,0,0.1,16.7,2.7,5,53.7,3.2,6.8,10,1.1,1.4,1.9,0.9,0.5,2.5,4.9,20.9
585,A. FORDALPHONSO FORD,"PER, OLY, MPS",54,45,33,22.2,6.5,12,54.1,1.6,4.1,39.5,4.4,5.4,80.6,1.3,2.6,3.9,2.7,1.5,3,0.4,0.3,2.9,5.5,21
586,A. PARKERANTHONY PARKER,MAC,90,89,35,16.3,4.7,8.5,55.9,0.9,2.2,41.1,4,4.9,81.8,0.7,5.1,5.8,3.2,1.6,1.9,0.4,0.3,2.5,4.8,21.4
